id_estacion,nombre_calle,lat,lon,altitud,direccion,cruce_calles,codigo_postal,index_right,codigo_distrito,nombre_distrito
1,"GRAN VIA CORTS CATALANES, 760",41.3979779,2.1801069,16.0,"GRAN VIA CORTS CATALANES, 760",02-Eixample/05-el Fort Pienc,8013.0,2,02,Eixample
2,"C/ ROGER DE FLOR, 126",41.3954877,2.1771985,17.0,"C/ ROGER DE FLOR, 126",02-Eixample/05-el Fort Pienc,8013.0,2,02,Eixample
3," C/ NÀPOLS, 82",41.3941557,2.1813305,11.0,"C/ NÀPOLS, 82",02-Eixample/05-el Fort Pienc,8013.0,2,02,Eixample
4,"C/ RIBES, 13",41.3933173,2.1812483,8.0,"C/ RIBES, 13",02-Eixample/05-el Fort Pienc,8013.0,2,02,Eixample
5,"PG. LLUIS COMPANYS, 11 (ARC TRIOMF)",41.3911035,2.1801763,7.0,"PG. LLUIS COMPANYS, 11 (ARC TRIOMF)","01-CiutatVella/04-Sant Pere, Santa Caterina i la Ribera",8018.0,1,01,Ciutat Vella
6,"PG. LLUIS COMPANYS, 18 (ARC TRIOMF)",41.3914292,2.1805685,10.0,"PG. LLUIS COMPANYS, 18  (ARC TRIOMF)","01-CiutatVella/04-Sant Pere, Santa Caterina i la Ribera",8018.0,1,01,Ciutat Vella
7,"PG. PUJADES,  1 (JUTJATS)",41.388885,2.18329,6.0,"PG. PUJADES,  1 (JUTJATS)","01-CiutatVella/04-Sant Pere, Santa Caterina i la Ribera",8003.0,1,01,Ciutat Vella
8,"PG. PUJADES, 2",41.389135,2.183489,6.0,"PG. PUJADES, 2","01-CiutatVella/04-Sant Pere, Santa Caterina i la Ribera",8003.0,1,01,Ciutat Vella
9,"AV. MARQUÉS DE L'ARGENTERA,13",41.384546,2.184922,5.0,"AV. MARQUÉS DE L'ARGENTERA,13","01-CiutatVella/04-Sant Pere, Santa Caterina i la Ribera",8003.0,1,01,Ciutat Vella
10,"C/ 60, NÚMERO 25",41.3467746,2.1436235,,"C/ 60, NÚMERO 25",03-Sants-Montjuïc/12-la Marina del Prat Vermell,8040.0,3,03,Sants-Montjuïc
11,"PG. MARITIM, 11 (DAVANT PL. BRUGADA)",41.382398,2.194294,,"PG. MARITIM, 11 (DAVANT PL. BRUGADA)",01-CiutatVella/03-la Barceloneta,8003.0,1,01,Ciutat Vella
12,"PG. MARITIM, 23 (HOSPITAL DEL MAR)",41.3833653,2.1946255,7.0,"PG. MARITIM, 23 (HOSPITAL DEL MAR)",01-CiutatVella/03-la Barceloneta,8003.0,1,01,Ciutat Vella
13,"C/ MARINA, 25-33",41.388143,2.195551,7.0,"C/ MARINA, 25-33",01-CiutatVella/67-la Vila Olímpica del Poblenou,8005.0,10,10,Sant Martí
14,"AV. MARQUÉS DE  L'ARGENTERA, 15",41.384844,2.185085,5.0,"AV. MARQUÉS DE  L'ARGENTERA, 15","01-CiutatVella/04-Sant Pere, Santa Caterina i la Ribera",8003.0,1,01,Ciutat Vella
15,"C/ DIPUTACIÓ, 272",41.3916117009235,2.16890319787512,25.0,"C/ DIPUTACIÓ, 272",02-Eixample/07-la Dreta de l'Eixample,8009.0,2,02,Eixample
17,"AV. MERIDIANA, 47 (D)",41.3982615,2.1866517,14.0,"AV. MERIDIANA, 47 (D)",02-Eixample/66-el Parc i la Llacuna del Poblenou,8013.0,2,02,Eixample
18,"C/ ROSSELLÓ, 453",41.4060589,2.1740472,38.0,"C/ ROSSELLÓ, 453",02-Eixample/06-la Sagrada Família,8025.0,2,02,Eixample
19,"C/ ROSSELLÓ, 354",41.4031491,2.1707947,40.0,"C/ ROSSELLÓ, 354",02-Eixample/06-la Sagrada Família,8025.0,2,02,Eixample
20,"C/ CARTAGENA, 308",41.410314,2.1757334,46.0,"C/ CARTAGENA, 308",02-Eixample/06-la Sagrada Família,8025.0,2,02,Eixample
21,"C/ SANT ANTONI MARIA CLARET, 214",41.4108439,2.1740575,52.0," C/ SANT ANTONI MARIA CLARET, 214   ",02-Eixample/06-la Sagrada Família,8025.0,2,02,Eixample
22,"C/ SARDENYA, 292",41.4016969,2.175767,28.0,"C/ SARDENYA, 292",02-Eixample/06-la Sagrada Família,8013.0,2,02,Eixample
23,"C/ BRUC, 45",41.3924661,2.1717397,21.0,"C/ BRUC, 45",02-Eixample/07-la Dreta de l'Eixample,8010.0,2,02,Eixample
24,"C/ MARINA, 199",41.4005784,2.1788855,23.0,"C/ MARINA, 199",02-Eixample/05-el Fort Pienc,8013.0,2,02,Eixample
25,"C/ BRUC, 102",41.3954041,2.1681961,29.0,"C/ BRUC, 102",02-Eixample/07-la Dreta de l'Eixample,8009.0,2,02,Eixample
26,"C/ DOS DE MAIG, 230-232",41.4071692,2.1820722,22.0,"C/ DOS DE MAIG, 230-232",10-SantMartí/64-el Camp de l'Arpa del Clot,8013.0,10,10,Sant Martí
27,"C/ PROVENÇA, 322",41.3967524,2.1646338,38.0,"C/ PROVENÇA, 322",02-Eixample/07-la Dreta de l'Eixample,8037.0,2,02,Eixample
28,"C/ SARDENYA, 362",41.4055143,2.1706498,46.0,"C/ SARDENYA, 362",02-Eixample/06-la Sagrada Família,8025.0,2,02,Eixample
29,"C/ PROVENÇA, 388-390",41.401061,2.169941,34.0,"C/ PROVENÇA, 388-390",02-Eixample/07-la Dreta de l'Eixample,8025.0,2,02,Eixample
30,"C/ CASTILLEJOS, 184",41.4021805,2.1829894,13.0,"C/ CASTILLEJOS, 184",02-Eixample/05-el Fort Pienc,8013.0,2,02,Eixample
31,PL. DEL MAR,41.3748001,2.1889045,4.0,PL. DEL MAR,01-CiutatVella/03-la Barceloneta,8003.0,1,01,Ciutat Vella
32,LA BARCELONETA (CN BARCELONETA),41.3736911,2.188928,4.0,LA BARCELONETA (CN BARCELONETA),01-CiutatVella/03-la Barceloneta,8003.0,1,01,Ciutat Vella
33,"C/ PONTEVEDRA, 58B | C/ JUDICI",41.37686,2.19067,4.0,"C/ PONTEVEDRA, 58B | C/ JUDICI",01-CiutatVella/03-la Barceloneta,8003.0,1,01,Ciutat Vella
34,"C/ SANT PERE MÉS ALT, 4",41.3871079,2.1753364,9.0,"C/ SANT PERE MÉS ALT, 4","01-CiutatVella/04-Sant Pere, Santa Caterina i la Ribera",8003.0,1,01,Ciutat Vella
35,"C/ SANT RAMON DE PENYAFORT, 1",41.4134833,2.2206913,5.0,"C/ SANT RAMON DE PENYAFORT, 1",10-SantMartí/70-el Besòs i el Maresme,8930.0,10,10,Sant Martí
36,"AV. DE LA CATEDRAL, 6",41.3850616,2.1766834,8.0,"AV. DE LA CATEDRAL, 6",01-CiutatVella/02-el Barri Gòtic,8002.0,1,01,Ciutat Vella
37,PG. DE COLOM - VIA LAIETANA,41.380624,2.1820675,4.0,PG. DE COLOM - VIA LAIETANA,"01-CiutatVella/04-Sant Pere, Santa Caterina i la Ribera",8002.0,1,01,Ciutat Vella
39,PL. PAU VILA (D),41.381046,2.186576,4.0,PL. PAU VILA (D),01-CiutatVella/03-la Barceloneta,8039.0,1,01,Ciutat Vella
40,"C/ DOCTOR AIGUADER, 2",41.382335,2.187093,6.0,"C/ DOCTOR AIGUADER, 2",01-CiutatVella/03-la Barceloneta,8039.0,1,01,Ciutat Vella
41,PL. POETA BOSCÀ | C/ ATLÀNTIDA,41.379326,2.189906,5.0,PL. POETA BOSCÀ | C/ ATLÀNTIDA,01-CiutatVella/03-la Barceloneta,8003.0,1,01,Ciutat Vella
42,"C/ CIUTAT DE GRANADA, 168| AV.DIAGONAL   ",41.4044068884896,2.18991788037394,,"C/ CIUTAT DE GRANADA, 165 | AV.DIAGONAL ",10-SantMartí/66-el Parc i la Llacuna del Poblenou,8018.0,10,10,Sant Martí
43,"C/ CLOT, 1",41.4063864,2.1874404,13.0,"C/ CLOT, 1",10-SantMartí/65-el Clot,8018.0,10,10,Sant Martí
44,"DIAGONAL MAR-AV. MERIDIANA, 71",41.4014737309554,2.1867650955646,,"DIAGONAL MAR-AV. MERIDIANA, 71",02-Eixample/05-el Fort Pienc,8018.0,2,02,Eixample
45,"C/ SARDENYA, 66",41.391466,2.189371,5.0,"C/ SARDENYA, 66",10-SantMartí/67-la Vila Olímpica del Poblenou,8005.0,10,10,Sant Martí
46,"C/ VILLENA, 1",41.3886065969256,2.19219450845947,7.0,"C/ VILLENA, 1",10-SantMartí/67-la Vila Olímpica del Poblenou,8005.0,10,10,Sant Martí
47,"C/ RAMON TRIAS FARGAS, 21",41.3902194,2.1904003,5.0,"C/ RAMON TRIAS FARGAS, 21",10-SantMartí/67-la Vila Olímpica del Poblenou,8005.0,10,10,Sant Martí
48,"AV. MERIDIANA, 40",41.3960652,2.1871959,11.0,"AV. MERIDIANA, 40",10-SantMartí/66-el Parc i la Llacuna del Poblenou,8018.0,10,10,Sant Martí
49,"C/ ROSA SENSAT, 20",41.3910756,2.1965766,5.0,"C/ ROSA SENSAT, 20",10-SantMartí/67-la Vila Olímpica del Poblenou,8005.0,10,10,Sant Martí
50,"AV. PARAL.LEL, 54",41.3751145,2.1709386,8.0,"AV. PARAL.LEL, 54",01-CiutatVella/01-el Raval,8004.0,1,01,Ciutat Vella
51,PL. VICENÇ MARTORELL,41.3842634,2.1692556,12.0,PL. VICENÇ MARTORELL,01-CiutatVella/01-el Raval,8001.0,1,01,Ciutat Vella
52,"PL. SANT MIQUEL, 4",41.381708,2.177292,11.0,"PL. SANT MIQUEL, 4",01-CiutatVella/02-el Barri Gòtic,8002.0,1,01,Ciutat Vella
53,PL. CARLES PI I SUNYER,41.385086,2.174016,10.0,PL. CARLES PI I SUNYER,01-CiutatVella/02-el Barri Gòtic,8002.0,1,01,Ciutat Vella
54,"C/ SANT OLEGUER, 2",41.3775319,2.1707321,6.0,"C/ SANT OLEGUER, 2",01-CiutatVella/01-el Raval,8001.0,1,01,Ciutat Vella
55,"LA RAMBLA, 56",41.380195,2.1744801,7.38,"LA RAMBLA, 56",01-CiutatVella/02-el Barri Gòtic,8002.0,1,01,Ciutat Vella
56,"PORTAL DE SANTA MADRONA, 2-4",41.3770715,2.1758261,5.0,"PORTAL DE SANTA MADRONA, 2-4",01-CiutatVella/01-el Raval,8001.0,1,01,Ciutat Vella
57,"LA RAMBLA, 1",41.376326,2.176971,4.0,"LA RAMBLA, 1",01-CiutatVella/02-el Barri Gòtic,8002.0,1,01,Ciutat Vella
58,"C/ VALLDONZELLA, 2",41.3845757386794,2.16626169311522,,"C/ VALLDONZELLA, 2",01-CiutatVella/01-el Raval,8001.0,1,01,Ciutat Vella
59,"C/ AGUSTÍ DURAN I SANPERE, 1",41.3813815397747,2.16807754829512,,"C/ AGUSTÍ DURAN I SANPERE, 1",01-CiutatVella/01-el Raval,8001.0,1,01,Ciutat Vella
60,"RBLA. CATALUNYA, 47",41.3902625,2.164035,27.0,"RBLA. CATALUNYA, 47",02-Eixample/07-la Dreta de l'Eixample,8007.0,2,02,Eixample
61,"C/ ARAGÓ, 288",41.39352,2.166797,26.0,"C/ ARAGÓ, 288",02-Eixample/07-la Dreta de l'Eixample,8009.0,2,02,Eixample
62,"PL. CATALUNYA, 5",41.387235,2.168819,19.0,"PL. CATALUNYA, 5",02-Eixample/07-la Dreta de l'Eixample,8002.0,2,02,Eixample
63,"PL. CATALUNYA, 7",41.386543,2.169427,19.0,"PL. CATALUNYA, 7",02-Eixample/07-la Dreta de l'Eixample,8002.0,2,02,Eixample
64,"PL. CATALUNYA, 10-11 (LA RAMBLA)",41.387493,2.1690686,21.0,"PL. CATALUNYA, 10-11 (LA RAMBLA)",02-Eixample/07-la Dreta de l'Eixample,8002.0,2,02,Eixample
65,"PL. CATALUNYA, 10-11 (PG. DE GRÀCIA)",41.387696,2.1696543,20.0,"PL. CATALUNYA, 10-11 (PG. DE GRÀCIA)",02-Eixample/07-la Dreta de l'Eixample,8002.0,2,02,Eixample
66,"GRAN VIA DE LES CORTS CATALANES, 609",41.3893222,2.1678388,23.0,"GRAN VIA DE LES CORTS CATALANES, 609",02-Eixample/07-la Dreta de l'Eixample,8007.0,2,02,Eixample
67,"C/ ROCAFORT, 214 | C/ ROSSELLÓ",41.3852864,2.1454802,37.0,"C/ ROCAFORT, 214 | C/ ROSSELLÓ",02-Eixample/09-la Nova Esquerra de l'Eixample,8029.0,2,02,Eixample
68,"RAMBLA CATALUNYA, 133 /  CÒRSEGA",41.3953894,2.1572953,44.0,"RAMBLA CATALUNYA, 133 /  CÒRSEGA",02-Eixample/07-la Dreta de l'Eixample,8008.0,2,02,Eixample
69,"CARRER DE LA MARINA,25-33",41.388507,2.195073,7.0,"CARRER DE LA MARINA,25-33",01-CiutatVella/67-la Vila Olímpica del Poblenou,8005.0,10,10,Sant Martí
70,"C/ COMTE URGELL, 23",41.380393,2.1606506,15.0,"C/ COMTE URGELL, 23",02-Eixample/10-Sant Antoni,8011.0,2,02,Eixample
71,"C/ FLORIDABLANCA, 145",41.3819459,2.1629146,16.0,"C/ FLORIDABLANCA, 145",02-Eixample/10-Sant Antoni,8011.0,2,02,Eixample
72,"ALDI Rossello C/ PROVENÇA, 215",41.3927771,2.1586273,37.0,"ALDI Rossello C/ PROVENÇA, 215",02-Eixample/07-la Dreta de l'Eixample,8008.0,2,02,Eixample
73,"C/ ENRIC GRANADOS, 93",41.392135,2.1563542,39.0,"C/ ENRIC GRANADOS, 93",02-Eixample/08-l'Antiga Esquerra de l'Eixample,8008.0,2,02,Eixample
74,"AV. JOSEP TARRADELLAS, 133",41.3900085,2.1432105,47.0,"AV. JOSEP TARRADELLAS, 133",02-Eixample/19-les Corts,8029.0,4,04,Les Corts
75,"AV. JOSEP TARRADELLAS, 58",41.385004,2.1429115,40.0,"AV. JOSEP TARRADELLAS, 58",02-Eixample/09-la Nova Esquerra de l'Eixample,8029.0,2,02,Eixample
76,"C/ CÒRSEGA, 216",41.3917666,2.1532163,40.0,"C/ CÒRSEGA, 216",02-Eixample/08-l'Antiga Esquerra de l'Eixample,8036.0,2,02,Eixample
77,"AV. FRANCESC CAMBÓ, 10",41.3855644,2.1773214,8.0,"AV. FRANCESC CAMBÓ, 10","01-CiutatVella/04-Sant Pere, Santa Caterina i la Ribera",8003.0,1,01,Ciutat Vella
78,PL. UNIVERSITAT /  ARIBAU,41.3856474,2.1634306,21.0,PL. UNIVERSITAT /  ARIBAU,02-Eixample/10-Sant Antoni,8011.0,2,02,Eixample
79, PL.  UNIVERSITAT,41.385503,2.1634768,21.0,PL. UNIVERSITAT,02-Eixample/10-Sant Antoni,8007.0,2,02,Eixample
80,"C/ ENRIC  GRANADOS, 35",41.389668,2.1599078,31.0,"C/ ENRIC  GRANADOS, 35",02-Eixample/08-l'Antiga Esquerra de l'Eixample,8007.0,2,02,Eixample
81,"C/ VILAMARÍ,  61",41.3790718,2.1490553,24.0,"C/ VILAMARÍ,  61",02-Eixample/09-la Nova Esquerra de l'Eixample,8015.0,2,02,Eixample
82,"C/ CALÀBRIA, 112",41.3803180599865,2.1544371248114,20.0,"C/ CALÀBRIA, 112",02-Eixample/09-la Nova Esquerra de l'Eixample,8015.0,2,02,Eixample
83,"C/ CALABRIA, 158",41.3821658,2.1520645,25.0,"C/ CALABRIA, 158",02-Eixample/09-la Nova Esquerra de l'Eixample,8015.0,2,02,Eixample
84,C/ DEL COMTE D'URGELL 75 B,41.3830299,2.1571646,20.0,"C/ DEL COMTE D'URGELL, 75 B",02-Eixample/09-la Nova Esquerra de l'Eixample,8011.0,2,02,Eixample
85,"AV. PARAL·LEL, 146 BIS",41.3751852,2.1592394,15.0,"AV. PARAL·LEL, 146 BIS",02-Eixample/10-Sant Antoni,8015.0,2,02,Eixample
86,"C/ VILADOMAT,  2",41.3755747,2.1629349,12.0,"C/ VILADOMAT,  2",02-Eixample/10-Sant Antoni,8015.0,2,02,Eixample
87,"C/ ROCAFORT, 187",41.3832398303536,2.14791630141962,,"C/ ROCAFORT, 187",02-Eixample/09-la Nova Esquerra de l'Eixample,8029.0,2,02,Eixample
88,"C/ LONDRES, 101-103",41.3936144,2.1507739,45.0,"C/ LONDRES, 101-103",02-Eixample/08-l'Antiga Esquerra de l'Eixample,8036.0,2,02,Eixample
89,"C/ ROSSELLÓ,  101",41.3871904,2.149131,36.0,"C/ ROSSELLÓ,  101",02-Eixample/09-la Nova Esquerra de l'Eixample,8036.0,2,02,Eixample
90,"C/ ROSSELLÓ, 108-110",41.388296,2.150878,36.0,"C/ ROSSELLÓ, 108-110",02-Eixample/08-l'Antiga Esquerra de l'Eixample,8036.0,2,02,Eixample
91,"C/ COMTE D'URGELL, 43",41.3812504,2.1594741,16.0,"C/ COMTE D'URGELL, 43",02-Eixample/10-Sant Antoni,8011.0,2,02,Eixample
92,"C / PROVENÇA, 241",41.3938861,2.1601641,37.0,"C / PROVENÇA, 241",02-Eixample/07-la Dreta de l'Eixample,8008.0,2,02,Eixample
94,"GRAN VIA DE LES CORTS CATALANES,375",41.3757914,2.1499102,26.0,"GRAN  VIA DE LES CORTS CATALANES, 375-385",02-Eixample/10-Sant Antoni,8015.0,2,02,Eixample
95,"C/ TARRAGONA, 103-115",41.3763948,2.1473272,28.0,"C/ TARRAGONA, 103-115",03-Sants-Montjuïc/15-Hostafrancs,8014.0,3,03,Sants-Montjuïc
96,"GRAN VIA DE LES CORTS CATALANES,  368",41.3741093,2.1481993,24.0,"GRAN VIA DE LES CORTS CATALANES, 368",03-Sants-Montjuïc/15-Hostafrancs,8010.0,3,03,Sants-Montjuïc
97,"C/ TARRAGONA, 141",41.3779613,2.1450491,29.0,"C/ TARRAGONA, 141",03-Sants-Montjuïc/15-Hostafrancs,8014.0,3,03,Sants-Montjuïc
98," C/ DOLORS BATLLE I SUNYER, 2",41.380595,2.1407,," C/ DOLORS BATLLE I SUNYER, 2",03-Sants-Montjuïc/18-Sants,8014.0,3,03,Sants-Montjuïc
99,"C/ VIRIAT,  53",41.3808222,2.141539,30.0,"C/ VIRIAT,  53",03-Sants-Montjuïc/18-Sants,8014.0,3,03,Sants-Montjuïc
100,"C/ TARRAGONA,  159-173",41.379363,2.143868,29.0,"C/ TARRAGONA,  159-173",03-Sants-Montjuïc/15-Hostafrancs,8014.0,3,03,Sants-Montjuïc
101,"AV. DIAGONAL, 602",41.392878,2.143411,53.0,"AV. DIAGONAL, 602",05-Sarrià-StGervasi/26-Sant Gervasi - Galvany,8021.0,5,05,Sarrià-Sant Gervasi
102,"AV. DIAGONAL,  612",41.392567,2.1422174,54.0,"AV. DIAGONAL,  612",05-Sarrià-StGervasi/26-Sant Gervasi - Galvany,8021.0,5,05,Sarrià-Sant Gervasi
103,"C/ ARAGÓ, 629",41.410098,2.1884487,16.0,"C/ ARAGÓ, 629",10-SantMartí/65-el Clot,8026.0,10,10,Sant Martí
104,"C/ VALÈNCIA,  621",41.4108005,2.1872438,16.0,"C/ VALÈNCIA, 621",10-SantMartí/65-el Clot,8026.0,10,10,Sant Martí
105,"RDA. DE SANT PERE, 26",41.389492,2.17425,15.0,"RDA. DE SANT PERE, 26",02-Eixample/07-la Dreta de l'Eixample,8010.0,2,02,Eixample
106,"PL JOANIC - C / BRUNIQUER, 59",41.4055198,2.1622548,56.0," PL  JOANIC - C / BRUNIQUER, 59",06-Gràcia/31-la Vila de Gràcia,8024.0,6,06,Gràcia
107,"TRAV. DE GRÀCIA, 92 / VIA AUGUSTA",41.3982304,2.1531031,56.0,"TRAV. DE GRÀCIA, 92 / VIA AUGUSTA",05-Sarrià-StGervasi/26-Sant Gervasi - Galvany,8006.0,5,05,Sarrià-Sant Gervasi
108,"C / INDÚSTRIA, 10",41.4022081,2.1649035,45.0,"C / INDÚSTRIA, 10",06-Gràcia/32-el Camp d'en Grassot i Gràcia Nova,8037.0,6,06,Gràcia
109,"C/ LONDRES,  53",41.3912605,2.1476308,43.0,"C/ LONDRES,  53",02-Eixample/08-l'Antiga Esquerra de l'Eixample,8036.0,2,02,Eixample
110,"AV. ROMA,  136",41.3852585,2.155089,25.0,"AV. ROMA,  136",02-Eixample/08-l'Antiga Esquerra de l'Eixample,8011.0,2,02,Eixample
111,C/ ARAGÓ 147,41.3847528,2.1546746,21.0,C/ ARAGÓ 147,02-Eixample/09-la Nova Esquerra de l'Eixample,8015.0,2,02,Eixample
112,"C/ FLORIDABLANCA,  49",41.3776721,2.157233,13.0,"C/ FLORIDABLANCA, 49",02-Eixample/10-Sant Antoni,8015.0,2,02,Eixample
113,"RONDA DE SANT PAU , 51",41.3773113,2.1646742,11.0,"RONDA DE SANT PAU, 51",02-Eixample/10-Sant Antoni,8015.0,2,02,Eixample
114,"PL. JEAN GENET,  1",41.376735,2.1740082,5.0,"PL. JEAN GENET,  1",01-CiutatVella/01-el Raval,8001.0,1,01,Ciutat Vella
115,"AV. MARQUÉS DE L'ARGENTERA,  3",41.383597,2.184171,4.0,"AV. MARQUÉS DE L'ARGENTERA,  3","01-CiutatVella/04-Sant Pere, Santa Caterina i la Ribera",8003.0,1,01,Ciutat Vella
116,"C/ DEL DR. AIGUADER, 72 / PG. SALVAT",41.3838369,2.1914756,5.0,"C/ DEL DR. AIGUADER, 72 / PG. SALVAT PAPASSEIT",01-CiutatVella/03-la Barceloneta,8003.0,1,01,Ciutat Vella
117,"C/ ROSA SENSAT, 12",41.3906051,2.1972309,5.0,"C/ ROSA SENSAT, 12",10-SantMartí/67-la Vila Olímpica del Poblenou,8005.0,10,10,Sant Martí
118,"C/ PUJADES,  3",41.39212,2.1874966,6.0,"C/ PUJADES,  3",10-SantMartí/66-el Parc i la Llacuna del Poblenou,8018.0,10,10,Sant Martí
119,"C/ SARDENYA,  178",41.3967169,2.1825085,12.0,"C/ SARDENYA,  178",02-Eixample/05-el Fort Pienc,8013.0,2,02,Eixample
120,"C/ LEPANT,  278",41.4047056,2.1765126,28.0,"C/ LEPANT,  278",02-Eixample/06-la Sagrada Família,8013.0,2,02,Eixample
121,"C/ CASTILLEJOS, 258",41.4064529,2.1785364,28.0,"C/ CASTILLEJOS, 258",02-Eixample/06-la Sagrada Família,8013.0,2,02,Eixample
122,"C/ NÀPOLS, 344",41.4054458,2.1663172,54.0,"C/ NÀPOLS, 344",06-Gràcia/32-el Camp d'en Grassot i Gràcia Nova,8025.0,6,06,Gràcia
123,"C/ PROVENÇA, 317",41.3988184485363,2.16673522491668,34.0,"C/ PROVENÇA, 317",02-Eixample/07-la Dreta de l'Eixample,8037.0,2,02,Eixample
124,C/ NOVA  BOCANA,41.3702483,2.1878126,3.0,C/ NOVA  BOCANA,01-CiutatVella/03-la Barceloneta,8039.0,1,01,Ciutat Vella
125,"PG. MARíTIM, 31 B (ANNEXA A LA 12)",41.3834753,2.194735,7.0," PG. MARíTIM, 31 B (ANNEXA A LA  12)",01-CiutatVella/03-la Barceloneta,8003.0,1,01,Ciutat Vella
126,PG. DE COLOM /VIA LAIETANA,41.380628,2.1822815,4.0,PG. DE COLOM /VIA LAIETANA,01-CiutatVella/02-el Barri Gòtic,8002.0,1,01,Ciutat Vella
127,"C/ ARAGÓ, 659 / NAVAS DE TOLOSA",41.4120681,2.1907524,16.0,"C/ ARAGÓ, 659 /NAVAS DE TOLOSA",10-SantMartí/65-el Clot,8026.0,10,10,Sant Martí
128,"RAMBLA DE GUIPÚSCOA, 43/FLUVIA",41.4158412,2.1959771,10.0,"RAMBLA DE GUIPÚSCOA, 43/FLUVIA",10-SantMartí/72-Sant Martí de Provençals,8020.0,10,10,Sant Martí
129,"C/ MANSO, 46",41.377046,2.16113608,13.0,"C/ MANSO, 46",02-Eixample/10-Sant Antoni,8015.0,2,02,Eixample
130,"RAMBLA DE GUIPÚSCOA, 103 / CANTÀBRIA",41.4200135,2.2016699,8.0,"RAMBLA DE GUIPÚSCOA, 103 /CANTÀBRIA",10-SantMartí/73-la Verneda i la Pau,8020.0,10,10,Sant Martí
131,"RBLA. GUIPÚSCOA, 158",41.42284,2.20603,11.07,"RBLA. GUIPÚSCOA, 158",10-SantMartí/73-la Verneda i la Pau,8020.0,10,10,Sant Martí
132,PL. VALENTÍ ALMIRALL,41.4084796,2.192042,6.0,PL.VALENTÍ ALMIRALL,10-SantMartí/65-el Clot,8018.0,10,10,Sant Martí
133,"GRAN VIA DE LES CORTS CATALANES,  902",41.4075013,2.1930174,6.0,"GRAN VIA DE LES CORTS CATALANES, 902",10-SantMartí/71-Provençals del Poblenou,8018.0,10,10,Sant Martí
134,"C/ BAC DE RODA, 157",41.4113024,2.1987258,6.0,"C/ BAC DE RODA, 157",10-SantMartí/71-Provençals del Poblenou,8018.0,10,10,Sant Martí
135,"GRAN VIA DE LES CORTS CATALANES,  981",41.4120452,2.1972673,8.0,"GRAN VIA DE LES CORTS CATALANES,  981",10-SantMartí/72-Sant Martí de Provençals,8018.0,10,10,Sant Martí
136,"GRAN VIA DE LES CORTS CATALANES,  1062",41.4139298,2.2017955,8.0,"GRAN VIA DE LES CORTS CATALANES,  1062",10-SantMartí/71-Provençals del Poblenou,8020.0,10,10,Sant Martí
137,"GRAN VIA DE LES CORTS CATALANES , 1041",41.4145805,2.2008139,7.0,"GRAN VIA DE LES CORTS CATALANES, 1041",10-SantMartí/72-Sant Martí de Provençals,8020.0,10,10,Sant Martí
138,"GRAN VIA DE LES CORTS CATALANES,  1118",41.4167933,2.2058345,7.0,"GRAN VIA DE LES CORTS CATALANES, 1118",10-SantMartí/71-Provençals del Poblenou,8020.0,10,10,Sant Martí
139,"GRAN VIA DE LES CORTS CATALANES,  1131",41.4183999,2.2058133,7.0,"GRAN VIA DE LES CORTS CATALANES,  1131",10-SantMartí/73-la Verneda i la Pau,8020.0,10,10,Sant Martí
140,"C/ VILADOMAT,  122",41.3808772,2.1559939,19.0,"C/ VILADOMAT, 122",02-Eixample/09-la Nova Esquerra de l'Eixample,8015.0,2,02,Eixample
141,"C/ BILBAO, 174",41.4090202,2.1954152,7.0,"C/ BILBAO, 174",10-SantMartí/71-Provençals del Poblenou,8018.0,10,10,Sant Martí
142,"C/ SANCHO DE ÁVILA,  104 - C/ BADAJOZ",41.4003793,2.1924144,4.0,"C/ SANCHO DE ÁVILA,  104 - C/ BADAJOZ",10-SantMartí/66-el Parc i la Llacuna del Poblenou,8018.0,10,10,Sant Martí
143,"C/ SANCHO DE ÁVILA, 170 / LLACUNA",41.4027907,2.1956161,4.0,"C/ SANCHO DE ÁVILA, 170 / LLACUNA",10-SantMartí/68-el Poblenou,8018.0,10,10,Sant Martí
144,"C/ CASTELLA,  28 / DIAGONAL",41.4056269,2.1977119,4.0,"C/ CASTELLA,  28 / DIAGONAL",10-SantMartí/68-el Poblenou,8018.0,10,10,Sant Martí
145,"C/ PERE IV,  301 / FLUVIÀ",41.4093405,2.2024461,4.0,"C/ PERE IV,  301 / FLUVIÀ",10-SantMartí/71-Provençals del Poblenou,8020.0,10,10,Sant Martí
146,"C/ PERE IV, 488",41.4148983,2.207186,4.0,"C/ PERE IV, 488",10-SantMartí/71-Provençals del Poblenou,8019.0,10,10,Sant Martí
147,"RAMBLA PRIM, 79",41.416043,2.2124993,5.0,"RAMBLA PRIM, 79",10-SantMartí/70-el Besòs i el Maresme,8019.0,10,10,Sant Martí
148,"RONDA SANT PAU, 79",41.3783467,2.1633139,12.0,"RONDA SANT PAU, 79",02-Eixample/10-Sant Antoni,8015.0,2,02,Eixample
149,"C/ PUJADES, 57B",41.3958685,2.192952,4.0,"C/ PUJADES, 57B",10-SantMartí/66-el Parc i la Llacuna del Poblenou,8019.0,10,10,Sant Martí
150,"C/ ESPRONCEDA, 124",41.4065912,2.203028,4.0,"C/ ESPRONCEDA, 124",10-SantMartí/68-el Poblenou,8005.0,10,10,Sant Martí
151,"C/ PALLARS, 182",41.4003471,2.1969105,3.0,"C/ PALLARS, 182",10-SantMartí/68-el Poblenou,8005.0,10,10,Sant Martí
152,"C/ PUJADES, 121",41.3993329,2.1974184,3.0,"C/ PUJADES, 121",10-SantMartí/68-el Poblenou,8005.0,10,10,Sant Martí
153,"C/ PUJADES, 173/RBLA POBLE NOU",41.4018686,2.20077,3.0,"C/ PUJADES, 173/RBLA POBLE NOU",10-SantMartí/68-el Poblenou,8005.0,10,10,Sant Martí
154,"C/ PUJADES, 191",41.4026275,2.2017694,2.0,"C/ PUJADES, 191",10-SantMartí/68-el Poblenou,8005.0,10,10,Sant Martí
155,"C/ PUJADES, 311/ FLUVIÀ",41.4070139,2.2074469,4.0,"C/ PUJADES, 311/ FLUVIÀ",10-SantMartí/69-Diagonal Mar i el Front Marítim del Poblenou,8019.0,10,10,Sant Martí
156,"C/ SELVA DE MAR, 46",41.4091355,2.2088179,4.0,"C/ SELVA DE MAR, 46",10-SantMartí/69-Diagonal Mar i el Front Marítim del Poblenou,8019.0,10,10,Sant Martí
157,"C/ LLULL, 465",41.4132316,2.2177652,4.0,"C/ LLULL, 465",10-SantMartí/70-el Besòs i el Maresme,8019.0,10,10,Sant Martí
158,"RAMBLA DE PRIM, 19",41.4116634,2.2183313,4.0,"RAMBLA DE PRIM, 19",10-SantMartí/70-el Besòs i el Maresme,8019.0,10,10,Sant Martí
159,"AV. DIAGONAL, 26",41.4110822,2.2163136,4.0,"AV. DIAGONAL, 26",10-SantMartí/70-el Besòs i el Maresme,8019.0,10,10,Sant Martí
160,"AV.DEDUARD MARISTANY,1 /FORUM",41.4109763,2.2193724,4.0,"AV. D'EDUARD MARISTANY, 1 /FORUM",10-SantMartí/70-el Besòs i el Maresme,8019.0,10,10,Sant Martí
161,"C/ RAMON TURRÓ, 91",41.3953011,2.1965965,4.0,"C/ RAMON TURRÓ, 91",10-SantMartí/67-la Vila Olímpica del Poblenou,8005.0,10,10,Sant Martí
162,"C/ RAMON TURRÓ, 292",41.4038559,2.2084257,3.0,"C/ RAMON TURRÓ, 292",10-SantMartí/69-Diagonal Mar i el Front Marítim del Poblenou,8005.0,10,10,Sant Martí
163,"AV. ICÀRIA, 202",41.3942108,2.2008756,3.0,"AV. ICÀRIA, 202",10-SantMartí/67-la Vila Olímpica del Poblenou,8005.0,10,10,Sant Martí
164,"C/ INDEPENDÈNCIA, 379",41.4118378,2.1778852,46.0,"C/ INDEPENDÈNCIA, 379",10-SantMartí/64-el Camp de l'Arpa del Clot,8026.0,10,10,Sant Martí
165,"C/ DEL DOCTOR TRUETA, 222",41.3992169,2.2041415,3.0,"C/ DEL DOCTOR TRUETA, 222",10-SantMartí/68-el Poblenou,8005.0,10,10,Sant Martí
166,"C/ BILBAO, 2",41.4008312,2.206645,3.0,"C/ BILBAO, 2",10-SantMartí/68-el Poblenou,8005.0,10,10,Sant Martí
167,"C/ BAC DE RODA, 11",41.4023354,2.2105777,3.0,"C/ BAC DE RODA, 11",10-SantMartí/68-el Poblenou,8005.0,10,10,Sant Martí
168,SELVA DE MAR / PG. DEL TAULAT,41.4053697,2.2135818,5.0,SELVA DE MAR / PG. DEL TAULAT,10-SantMartí/69-Diagonal Mar i el Front Marítim del Poblenou,8019.0,10,10,Sant Martí
170,"AV. LITORAL, 40 (D)",41.3896642,2.1999572,6.0,"AV. LITORAL, 40 (D)",10-SantMartí/67-la Vila Olímpica del Poblenou,8005.0,10,10,Sant Martí
171,"AV. LITORAL, 172",41.3919877,2.2037136,5.0,"AV. LITORAL, 172",10-SantMartí/67-la Vila Olímpica del Poblenou,8005.0,10,10,Sant Martí
173,"AV.LITORAL, 84",41.3979002,2.2088454,8.0,"AV.LITORAL, 84",10-SantMartí/68-el Poblenou,8005.0,10,10,Sant Martí
174,"PG. DE GARCIA FÀRIA, 21/ESPRONCEDA",41.400654,2.210191,6.0,"PG. DE GARCIA FÀRIA, 21/ESPRONCEDA",10-SantMartí/69-Diagonal Mar i el Front Marítim del Poblenou,8005.0,10,10,Sant Martí
175,"C/ LLULL, 309",41.4065291,2.2091221,4.0,"C/ LLULL, 309",10-SantMartí/69-Diagonal Mar i el Front Marítim del Poblenou,8019.0,10,10,Sant Martí
176,"PG. DE GARCIA FÀRIA, 37/JOSEP FERRATER",41.403216,2.2136,6.0,"PG. DE GARCIA FÀRIA, 37/JOSEP FERRATER",10-SantMartí/69-Diagonal Mar i el Front Marítim del Poblenou,8019.0,10,10,Sant Martí
177,"C/ ROSSELLÓ, 557",41.4110754,2.1809764,33.0,"C/ ROSSELLÓ, 557",10-SantMartí/64-el Camp de l'Arpa del Clot,8026.0,10,10,Sant Martí
178,"PG. DE GARCIA FÀRIA, 85",41.4053649,2.2162094,7.0,"PG. DE GARCIA FÀRIA, 85",10-SantMartí/69-Diagonal Mar i el Front Marítim del Poblenou,8019.0,10,10,Sant Martí
179,"PG. ZONA FRANCA, 244",41.36352,2.1369015,9.0,"PG. ZONA FRANCA, 244",03-Sants-Montjuïc/13-la Marina de Port,8038.0,3,03,Sants-Montjuïc
180,"GRAN VIA DE LES CORTS CATALANES, 179 (D)",41.3675574,2.1388216,14.0,"GRAN VIA DE LES CORTS CATALANES, 179 (D)",03-Sants-Montjuïc/16-la Bordeta,8014.0,3,03,Sants-Montjuïc
182,"C/ SANT PERE D´ABANTO, 2",41.371366,2.143565,18.0,"C/ SANT PERE D´ABANTO, 2",03-Sants-Montjuïc/15-Hostafrancs,8014.0,3,03,Sants-Montjuïc
183,"C/ GAVÀ, 1",41.3723682,2.1419494,18.0,"C/ GAVÀ, 1",03-Sants-Montjuïc/16-la Bordeta,8014.0,3,03,Sants-Montjuïc
184,"C/ QUETZAL, 22-24",41.3675438,2.1342316,22.0,"C/ QUETZAL, 22-24",03-Sants-Montjuïc/16-la Bordeta,8014.0,3,03,Sants-Montjuïc
185,"C/GAVÀ, 81",41.3703717,2.1389439,20.0,"C/GAVÀ, 81",03-Sants-Montjuïc/16-la Bordeta,8014.0,3,03,Sants-Montjuïc
186,"C/CONSELL DE CENT, 6",41.3755503,2.1439036,27.0,"C/CONSELL DE CENT, 6",03-Sants-Montjuïc/15-Hostafrancs,8014.0,3,03,Sants-Montjuïc
187,"C/ DE SANT PAU, 89 - 97",41.3768806,2.1698206,5.0,"C/ DE SANT PAU, 89 - 97",01-CiutatVella/01-el Raval,8001.0,1,01,Ciutat Vella
188,PG. SANT ANTONI /PL. SANTS,41.3756948,2.1358571,30.0,PG. SANT ANTONI /PL. SANTS,03-Sants-Montjuïc/18-Sants,8014.0,3,03,Sants-Montjuïc
189,"C/ BRUC, 130",41.3969839,2.1661852,34.0,"C/ BRUC, 130",02-Eixample/07-la Dreta de l'Eixample,8037.0,2,02,Eixample
190,"AV. LITORAL, 72",41.3961412,2.2078439,6.0,"AV. LITORAL, 72",10-SantMartí/68-el Poblenou,8005.0,10,10,Sant Martí
191,"C/ ENTENÇA, 137",41.381951,2.147474,15.0,"C/ ENTENÇA, 137",02-Eixample/09-la Nova Esquerra de l'Eixample,8015.0,2,02,Eixample
192,"C/ JOAN GÜELL, 50",41.3786364,2.1335494,33.0,"C/ JOAN GÜELL, 50",03-Sants-Montjuïc/18-Sants,8028.0,3,03,Sants-Montjuïc
193,"C/ FÍGOLS, 1",41.3812979,2.1289917,41.0,"C/ FÍGOLS, 1",04-LesCorts/19-les Corts,8028.0,4,04,Les Corts
194,"C/ JOAN GÜELL, 98",41.3812001,2.1323612,38.0,"C/ JOAN GÜELL, 98",04-LesCorts/19-les Corts,8028.0,4,04,Les Corts
195,"C/ VALLESPIR, 130",41.3821371,2.1354149,38.0,"C/ VALLESPIR, 130",04-LesCorts/19-les Corts,8014.0,4,04,Les Corts
196,"C/ BERLÍN, 38",41.3832609,2.1392662,38.0,"C/ BERLÍN, 38",03-Sants-Montjuïc/18-Sants,8029.0,3,03,Sants-Montjuïc
197,"C/ GELABERT, 1",41.3871579,2.1410945,47.0,"C/ GELABERT, 1",04-LesCorts/19-les Corts,8029.0,4,04,Les Corts
198,"C/ VALLESPIR, 194",41.3847113,2.1334379,48.0,"C/ VALLESPIR, 194",04-LesCorts/19-les Corts,8014.0,4,04,Les Corts
199,"C/ MEJÍA LEQUERICA, 2",41.3819739,2.1268625,47.0,"C/ MEJÍA LEQUERICA, 2",04-LesCorts/20-la Maternitat i Sant Ramon,8028.0,4,04,Les Corts
200,"C/ JOAN GÜELL, 174",41.3839045,2.1312876,47.0,"C/ JOAN GÜELL, 174",04-LesCorts/19-les Corts,8028.0,4,04,Les Corts
201,"C/ NUMÀNCIA, 136",41.3878061,2.1344218,55.0,"C/ NUMÀNCIA, 136",04-LesCorts/19-les Corts,8029.0,4,04,Les Corts
202,"C/ DE LES CORTS, 20",41.3854466,2.1288753,52.0,"C/ DE LES CORTS, 20",04-LesCorts/19-les Corts,8028.0,4,04,Les Corts
203,"AV. DIAGONAL, 668",41.3887069,2.1285766,64.0,"AV. DIAGONAL, 668",04-LesCorts/19-les Corts,8034.0,4,04,Les Corts
204,"AV. DIAGONAL, 672",41.3880355,2.1256248,63.0,"AV. DIAGONAL, 672",04-LesCorts/21-Pedralbes,8034.0,4,04,Les Corts
205,"C/ DE CAN SEGALAR, 4",41.3879413310938,2.13059591593856,,"C/ DE CAN SEGALAR, 4",04-LesCorts/19-les Corts,8028.0,4,04,Les Corts
206,"AV. DIAGONAL, 650",41.3897943,2.1328634,62.0," AV. DIAGONAL, 650",04-LesCorts/19-les Corts,8017.0,4,04,Les Corts
207,"AV. DIAGONAL, 634",41.3908477,2.136579,62.0,"AV. DIAGONAL, 634",04-LesCorts/19-les Corts,8017.0,4,04,Les Corts
208,"AV. DIAGONAL, 630",41.3915195,2.1390667,59.0,"AV. DIAGONAL, 630",05-Sarrià-StGervasi/26-Sant Gervasi - Galvany,8017.0,5,05,Sarrià-Sant Gervasi
209,"C/ DIPUTACIÓ, 200",41.3857425,2.1610515,23.0,"C/ DIPUTACIÓ, 200",02-Eixample/08-l'Antiga Esquerra de l'Eixample,8011.0,2,02,Eixample
210,"C/ VILARDELL, 18",41.3745238,2.1422556,22.0,"C/ VILARDELL, 18",03-Sants-Montjuïc/15-Hostafrancs,8014.0,3,03,Sants-Montjuïc
211,"C/ SANCHO DE ÁVILA, 60-64",41.3987543,2.1902116,5.0,"C/ SANCHO DE ÁVILA, 60-64",10-SantMartí/66-el Parc i la Llacuna del Poblenou,8018.0,10,10,Sant Martí
212,"AV. SARRIÀ, 163",41.3922355,2.1309272,75.0,"AV. SARRIÀ, 163",04-LesCorts/19-les Corts,8017.0,4,04,Les Corts
213,"C/ SANTA FE DE NOU MÈXIC, 2",41.3935816,2.1345892,70.0,"C/ SANTA FE DE NOU MÈXIC, 2",05-Sarrià-StGervasi/24-les Tres Torres,8017.0,5,05,Sarrià-Sant Gervasi
214,"C/ JOSÉ DE  AGULLÓ, 9",41.3952027,2.1334873,72.0,"C/ JOSÉ DE  AGULLÓ, 9",05-Sarrià-StGervasi/24-les Tres Torres,8017.0,5,05,Sarrià-Sant Gervasi
215,"C/ GANDUXER, 29",41.3939378,2.1380304,65.0,"C/ GANDUXER, 29",05-Sarrià-StGervasi/26-Sant Gervasi - Galvany,8021.0,5,05,Sarrià-Sant Gervasi
216,"C/ MADRAZO, 131",41.3967824,2.1445567,63.0,"C/ MADRAZO, 131",05-Sarrià-StGervasi/26-Sant Gervasi - Galvany,8021.0,5,05,Sarrià-Sant Gervasi
217,"C/ RECTOR UBACH, 24",41.3985735,2.1440826,75.0,"C/ RECTOR UBACH, 24",05-Sarrià-StGervasi/26-Sant Gervasi - Galvany,8021.0,5,05,Sarrià-Sant Gervasi
218,"C/ CONSELL DE CENT, 566",41.4040364,2.183145,17.0,"C/ CONSELL DE CENT, 566",02-Eixample/06-la Sagrada Família,8013.0,2,02,Eixample
219,"C/ LAFORJA, 74-76",41.3976165,2.1471724,67.0,"C/ LAFORJA, 74-76",05-Sarrià-StGervasi/26-Sant Gervasi - Galvany,8021.0,5,05,Sarrià-Sant Gervasi
220,"C/ TUSET, 19",41.3960982,2.1513154,53.0,"C/ TUSET, 19",05-Sarrià-StGervasi/26-Sant Gervasi - Galvany,8006.0,5,05,Sarrià-Sant Gervasi
221,"GRAN DE GRÀCIA, 155 (METRO FONTANA)",41.4025392,2.1524704,68.0,"GRAN DE GRÀCIA, 155 (METRO FONTANA)",06-Gràcia/31-la Vila de Gràcia,8012.0,6,06,Gràcia
222,"C/ DEL CANÓ, 1",41.4013296,2.1574439,58.0,"C/ DEL CANÓ, 1",06-Gràcia/31-la Vila de Gràcia,8012.0,6,06,Gràcia
223,"C/ DE BONAVISTA, 14",41.3983444,2.1598243,48.0,"C/ DE BONAVISTA, 14",06-Gràcia/31-la Vila de Gràcia,8012.0,6,06,Gràcia
224,"C / GIRONA, 176",41.3999967,2.1644531,40.0,"C / GIRONA, 176",02-Eixample/07-la Dreta de l'Eixample,8037.0,2,02,Eixample
225,"C/ VILADOMAT, 200",41.3848102114671,2.15080712464522,28.0,"C/ VILADOMAT, 200",02-Eixample/09-la Nova Esquerra de l'Eixample,8029.0,2,02,Eixample
226,"C/ MONTMANY, 1",41.4035608,2.1609345,52.0,"C/ MONTMANY, 1",06-Gràcia/31-la Vila de Gràcia,8012.0,6,06,Gràcia
227,"C/ DEL TORRENT DE LES FLORS, 102",41.4078456,2.1586704,69.0,"C/ DEL TORRENT DE LES FLORS, 102",06-Gràcia/31-la Vila de Gràcia,8024.0,6,06,Gràcia
228,"PL. DEL NORD, 5",41.4068417,2.1558354,73.0,"PL. DEL NORD, 5",06-Gràcia/31-la Vila de Gràcia,8024.0,6,06,Gràcia
229,"C/ DE LA SANTACREU, 2 (PL. DE LA VIRREINA)",41.4050968,2.1569161,68.0,"C/ DE LA SANTACREU, 2 (PL. DE LA VIRREINA)",06-Gràcia/31-la Vila de Gràcia,8024.0,6,06,Gràcia
230,"C/ DE NIL FABRA, 16-20",41.4059356,2.1517977,80.0,"C/ DE NIL FABRA, 16-20",06-Gràcia/31-la Vila de Gràcia,8012.0,6,06,Gràcia
231,"C/ PAU ALSINA, 54",41.4092005,2.16400285,65.0,"C/ PAU ALSINA, 54",06-Gràcia/32-el Camp d'en Grassot i Gràcia Nova,8025.0,6,06,Gràcia
232,"C/ PALAUDÀRIES, 2",41.3744999703376,2.17302554571611,6.0,"C/ PALAUDÀRIES, 2",03-Sants-Montjuïc/11-el Poble-sec,8004.0,3,03,Sants-Montjuïc
233,"C/ NOU DE LA RAMBLA, 164",41.3719688,2.1667829,21.0,"C/ NOU DE LA RAMBLA, 164",03-Sants-Montjuïc/11-el Poble-sec,8004.0,3,03,Sants-Montjuïc
234,"PG. DE L´EXPOSICIÓ,34",41.371532,2.162203,31.0,"PG. DE L´EXPOSICIÓ, 34",03-Sants-Montjuïc/11-el Poble-sec,8004.0,3,03,Sants-Montjuïc
235,"AV. PARAL.LEL, 98",41.3751767,2.1658972,10.0,"AV. PARAL.LEL, 98",02-Eixample/11-el Poble-sec,8015.0,2,02,Eixample
236,"AV. PARAL.LEL, 194",41.3751161,2.1523091,24.0,"AV. PARAL.LEL, 194",02-Eixample/10-Sant Antoni,8015.0,2,02,Eixample
237,"C/ RIUS I TAULET, 4",41.3727426,2.1539198,33.0,"C/ RIUS I TAULET, 4",03-Sants-Montjuïc/11-el Poble-sec,8004.0,3,03,Sants-Montjuïc
238,"C/ ESPRONCEDA, 298",41.4158807,2.1908473,16.0,"C/ ESPRONCEDA, 298",09-SantAndreu/63-Navas,8027.0,9,09,Sant Andreu
239,"C/ INDÚSTRIA, 329",41.4172922,2.1844769,31.0,"C/ INDÚSTRIA, 329",09-SantAndreu/63-Navas,8027.0,9,09,Sant Andreu
240,"C/ JOSEP ESTIVILL, 32",41.4175595,2.1877153,23.0,"C/ JOSEP ESTIVILL, 32",09-SantAndreu/63-Navas,8027.0,9,09,Sant Andreu
241,"C/ TEODOR LLORENTE, 1",41.419178,2.18018,44.0,"C/ TEODOR LLORENTE, 1",07-Horta-Guinardó/35-el Guinardó,8041.0,7,07,Horta-Guinardó
242,"C/ RAMON ALBÓ, 1",41.4244527,2.1773157,56.0,"C/ RAMON ALBÓ, 1",09-SantAndreu/62-el Congrés i els Indians,8027.0,9,09,Sant Andreu
243,"C/ ALEXANDRE GALÍ, 1-5",41.4239719,2.1812399,42.0,"C/ ALEXANDRE GALÍ, 1-5",09-SantAndreu/62-el Congrés i els Indians,8027.0,9,09,Sant Andreu
244,"C/ FELIP II, 214",41.426925,2.1786224,44.0,"C/ FELIP II, 214",09-SantAndreu/62-el Congrés i els Indians,8027.0,9,09,Sant Andreu
246," C/ GARCILASO, 77",41.4228449,2.1866363,30.0,"C/ GARCILASO, 77",09-SantAndreu/61-la Sagrera,8027.0,9,09,Sant Andreu
247,"C/ FELIPE II, 112",41.4219291,2.1849107,32.0,"C/ FELIPE II, 112",09-SantAndreu/61-la Sagrera,8027.0,9,09,Sant Andreu
248,"C/ PALÈNCIA, 31",41.4182129,2.1904005,18.0,"C/ PALÈNCIA, 31",09-SantAndreu/61-la Sagrera,8027.0,9,09,Sant Andreu
249,"C/ ANTILLES, 8",41.4250835,2.1872818,21.0,"C/ ANTILLES, 8",09-SantAndreu/61-la Sagrera,8027.0,9,09,Sant Andreu
250,"C/ PORTUGAL, 3",41.4258248,2.191206,25.0,"C/ PORTUGAL, 3",09-SantAndreu/61-la Sagrera,8027.0,9,09,Sant Andreu
251,"C/ CARDENAL TEDESCHINI, 13",41.4253643,2.1852073,35.0,"C/ CARDENAL TEDESCHINI, 13",09-SantAndreu/61-la Sagrera,8027.0,9,09,Sant Andreu
252,"RAMBLA DE L'ONZE DE SETEMBRE, 31",41.4298991,2.1932159,24.0,"RAMBLA DE L'ONZE DE SETEMBRE, 31",09-SantAndreu/60-Sant Andreu,8030.0,9,09,Sant Andreu
253,"C/ ONZE DE SETEMBRE, 37-39",41.4298614,2.1922011,25.0,"C/ ONZE DE SETEMBRE, 37-39",09-SantAndreu/60-Sant Andreu,8030.0,9,09,Sant Andreu
254,"RAMBLA DE L'ONZE DE SETEMBRE, 69",41.4299999,2.190246,26.0,"RAMBLA DE L'ONZE DE SETEMBRE, 69",09-SantAndreu/60-Sant Andreu,8030.0,9,09,Sant Andreu
255,"C/ IRLANDA, 34",41.4315,2.18579,30.0,"C/ IRLANDA, 34",09-SantAndreu/60-Sant Andreu,8030.0,9,09,Sant Andreu
256,"C/ MALATS, 28-30",41.4361251,2.1894423,25.0,"C/ MALATS, 28-30",09-SantAndreu/60-Sant Andreu,8030.0,9,09,Sant Andreu
257,"C/ SANT ADRIÀ, 2-8",41.433934,2.1896502,27.0,"C/ SANT ADRIÀ, 2-8",09-SantAndreu/60-Sant Andreu,8030.0,9,09,Sant Andreu
258,"C/ FERNANDO PESSOA, 41",41.4419866639024,2.19295764171618,23.5,"C/ FERNANDO PESSOA, 41",09-SantAndreu/60-Sant Andreu,8030.0,9,09,Sant Andreu
259,"C/ DE BARTRINA, 14",41.4391174,2.1858025,34.0,"C/ DE BARTRINA, 14",09-SantAndreu/60-Sant Andreu,8030.0,9,09,Sant Andreu
260,"CARRER DEL CINCA, 7",41.4356895,2.1920873,22.0,"CARRER DEL CINCA, 7",09-SantAndreu/60-Sant Andreu,8030.0,9,09,Sant Andreu
261,"C/ VILLARROEL, 39",41.3821314,2.1606534,17.0,"C/ VILLARROEL, 39",02-Eixample/10-Sant Antoni,8011.0,2,02,Eixample
262,"C/ ENTENÇA, 70",41.3790954665734,2.1516210083712,21.0,"C/ ENTENÇA, 70",02-Eixample/09-la Nova Esquerra de l'Eixample,8015.0,2,02,Eixample
263,"PG. TORRAS I BAGES, 29",41.4378773,2.1910691,23.0,"PG. TORRAS I BAGES, 29",09-SantAndreu/60-Sant Andreu,8030.0,9,09,Sant Andreu
264,"C/ FERRAN JUNOY, 10",41.4381892,2.1953884,,"C/ FERRAN JUNOY, 10",09-SantAndreu/59-el Bon Pastor,8030.0,9,09,Sant Andreu
265,"C/ CASANOVA, 55",41.3847738,2.1592566,23.0,"C/ CASANOVA, 55",02-Eixample/08-l'Antiga Esquerra de l'Eixample,8011.0,2,02,Eixample
266,"C/ RIERA D'HORTA, 2",41.427591,2.183966,38.0,"C/ RIERA D'HORTA, 2",09-SantAndreu/62-el Congrés i els Indians,8027.0,9,09,Sant Andreu
267,"PG. TORRAS I BAGES, 129",41.4433647,2.1906302,29.0,"PG. TORRAS I BAGES, 129",09-SantAndreu/60-Sant Andreu,8030.0,9,09,Sant Andreu
268,"C/ FERNANDO PESSOA, 72",41.4457195,2.1929816,26.0,"C/ FERNANDO PESSOA, 72",09-SantAndreu/60-Sant Andreu,8030.0,9,09,Sant Andreu
269,"VIA BARCINO, 121",41.448152,2.19294,26.0,"VIA BARCINO, 121",09-SantAndreu/57-la Trinitat Vella,8033.0,9,09,Sant Andreu
270,"CRTA. DE RIBES, 77 (TRINITAT VELLA)",41.4486328,2.1898372,35.0,"270 - CRTA. DE RIBES, 77 (TRINITAT VELLA)",09-SantAndreu/57-la Trinitat Vella,8033.0,9,09,Sant Andreu
271,"VIA DE BÀRCINO, 54",41.45137,2.1922985,,"VIA DE BÀRCINO, 54",09-SantAndreu/57-la Trinitat Vella,8033.0,9,09,Sant Andreu
272,"C/ CONCEPCIÓ ARENAL, 281",41.4325013,2.1842021,32.0,"C/ CONCEPCIÓ ARENAL, 281",09-SantAndreu/60-Sant Andreu,8033.0,9,09,Sant Andreu
273,"AV. MERIDIANA, 404",41.4304126,2.1834174,38.0,"AV. MERIDIANA, 404",09-SantAndreu/60-Sant Andreu,8030.0,9,09,Sant Andreu
274,"RAMBLA FABRA I PUIG, 67",41.4299201,2.1849813,33.0,"RAMBLA FABRA I PUIG, 67",09-SantAndreu/60-Sant Andreu,8030.0,9,09,Sant Andreu
275,"AV. RIO DE JANEIRO, 3",41.43068,2.1821802,38.0,"AV. RIO DE JANEIRO, 3",08-NouBarris/45-Porta,8016.0,8,08,Nou Barris
276,PLAÇA ALFONS X EL SAVI / RONDA DEL GUIN,41.4121345,2.1652216,88.0,PLAÇA ALFONS X EL SAVI / RONDA DEL GUINARDO,07-Horta-Guinardó/33-el Baix Guinardó,8024.0,7,07,Horta-Guinardó
277,"TRAVESSERA DE GRÀCIA, 328",41.4082107,2.1689962,60.0,"TRAVESSERA DE GRÀCIA, 328",07-Horta-Guinardó/33-el Baix Guinardó,8025.0,7,07,Horta-Guinardó
278,"TRAVESSERA DE GRÀCIA, 368",41.4098842,2.1715285,59.0,"TRAVESSERA DE GRÀCIA, 368",07-Horta-Guinardó/33-el Baix Guinardó,8025.0,7,07,Horta-Guinardó
279,"C/ MAS CASANOVAS, 137",41.4158995,2.1745567,75.0,"C/ MAS CASANOVAS, 137",07-Horta-Guinardó/35-el Guinardó,8041.0,7,07,Horta-Guinardó
280,"C/ SANT ANTONI Mª CLARET, 290-296",41.4138664,2.1777274,49.0,"C/ SANT ANTONI Mª CLARET, 290-296",07-Horta-Guinardó/35-el Guinardó,8041.0,7,07,Horta-Guinardó
281,"C/ D'ESCORNALBOU, 51",41.4180789,2.1763994,74.0,"C/ D'ESCORNALBOU, 51",07-Horta-Guinardó/35-el Guinardó,8041.0,7,07,Horta-Guinardó
282,"PG. FONT D´EN- FARGAS, 1",41.4275514,2.1659881,75.0,"PG. FONT D´EN- FARGAS, 1",07-Horta-Guinardó/36-la Font d'en Fargues,8031.0,7,07,Horta-Guinardó
283,"C/ FULTON, 1",41.4297231,2.1617032,76.0,"C/ FULTON, 1",07-Horta-Guinardó/43-Horta,8032.0,7,07,Horta-Guinardó
284,"AV. DIAGONAL, 652",41.389462,2.1314948,63.0,"AV. DIAGONAL, 652",04-LesCorts/19-les Corts,8034.0,4,04,Les Corts
285,"C/ MALATS, 98-100",41.4366708,2.186105,35.0,"C/ MALATS, 98-100",09-SantAndreu/60-Sant Andreu,8030.0,9,09,Sant Andreu
286,"C/ BOLÍVIA, 76",41.4030225,2.1913538,7.0,"C/ BOLÍVIA, 76",10-SantMartí/66-el Parc i la Llacuna del Poblenou,8018.0,10,10,Sant Martí
287,"GRAN VIA DE LES CORTS CATALANES, 632",41.3890626,2.1679313,22.0,"GRAN VIA DE LES CORTS CATALANES, 632",02-Eixample/07-la Dreta de l'Eixample,8007.0,2,02,Eixample
288,PL. VIRREI AMAT,41.4296439,2.174444,55.0,PL. VIRREI AMAT,08-NouBarris/44-Vilapicina i la Torre Llobeta,8016.0,8,08,Nou Barris
289,"C/ MÚRCIA, 64",41.4166982,2.1909952,17.0,"C/ MÚRCIA, 64",09-SantAndreu/63-Navas,8027.0,9,09,Sant Andreu
290,"PL. DELS JARDINS D'ALFÀBIA, 1",41.4373376,2.1740962,66.0,"PL. DELS JARDINS D'ALFÀBIA, 1",08-NouBarris/45-Porta,8016.0,8,08,Nou Barris
291,"C/ CUBELLES, 2",41.426078,2.1751572,57.0,"C/ CUBELLES, 2",08-NouBarris/44-Vilapicina i la Torre Llobeta,8031.0,8,08,Nou Barris
292,"C/ AMILCAR, 1",41.4300161,2.1720191,61.0,"C/ AMILCAR, 1",08-NouBarris/44-Vilapicina i la Torre Llobeta,8031.0,8,08,Nou Barris
293,"C/ GRANOLLERS, 1",41.4283127,2.1629889,78.0,"C/ GRANOLLERS, 1",07-Horta-Guinardó/43-Horta,8032.0,7,07,Horta-Guinardó
294,SEU DEL DISTRICTE (NOU BARRIS),41.4363473,2.1706752,72.0,SEU DEL DISTRICTE (NOU BARRIS),08-NouBarris/48-la Guineueta,8042.0,8,08,Nou Barris
295,"C/ SANT ISCLE, 60",41.433384,2.1716309,61.0,"C/ SANT ISCLE, 60",08-NouBarris/46-el Turó de la Peira,8031.0,8,08,Nou Barris
296,"C/ DE ROSSELLÓ I PORCEL, 1 | AV. MERIDIANA",41.4364887,2.1841014,41.0,"C/ DE ROSSELLÓ I PORCEL, 1 | AV. MERIDIANA",08-NouBarris/45-Porta,8016.0,8,08,Nou Barris
297,"C/ TURÓ BLAU, 1-3",41.4388223,2.1767828,62.0,"C/ TURÓ BLAU, 1-3",08-NouBarris/52-la Prosperitat,8016.0,8,08,Nou Barris
298,"C/ ANDREU NIN, 22",41.4347233,2.1817718,41.0,"C/ ANDREU NIN, 22",08-NouBarris/45-Porta,8016.0,8,08,Nou Barris
299,"C/ DE L'ESCULTOR ORDÓÑEZ, 55",41.4340849,2.1748267,53.0,"C/ DE L'ESCULTOR ORDÓÑEZ, 55",08-NouBarris/45-Porta,8016.0,8,08,Nou Barris
300,"C/ DE MALADETA, 1",41.4315843,2.1769107,44.0,"C/ DE MALADETA, 1",08-NouBarris/45-Porta,8016.0,8,08,Nou Barris
301,"C/ MARIE CURIE, 8-14",41.4366871,2.1693134,73.0,"C/ MARIE CURIE, 8-14",08-NouBarris/48-la Guineueta,8042.0,8,08,Nou Barris
302,"C/ CAVALLERS, 41",41.3906352,2.111541,111.0,"C/ CAVALLERS, 41",04-LesCorts/21-Pedralbes,8034.0,4,04,Les Corts
303,"C/ CAVALLERS, 67",41.3934324,2.115107,101.0,"C/ CAVALLERS, 67",04-LesCorts/21-Pedralbes,8034.0,4,04,Les Corts
304,"PG. MANUEL GIRONA, 7",41.39038,2.121,78.0,"PG. MANUEL GIRONA, 7",04-LesCorts/23-Sarrià,8034.0,5,05,Sarrià-Sant Gervasi
305,"AV. DIAGONAL, 680",41.3875297,2.1237141,65.0,"AV. DIAGONAL, 680",04-LesCorts/21-Pedralbes,8034.0,4,04,Les Corts
306,"C/ DOCTOR SALVADOR CARDENAL, 1-5",41.3853868,2.122893,60.0,"C/ DOCTOR SALVADOR CARDENAL, 1-5",04-LesCorts/20-la Maternitat i Sant Ramon,8028.0,4,04,Les Corts
307,C/ PINTOR RIBALTA | AV. XILE,41.3791986,2.1135824,60.0,C/ PINTOR RIBALTA | AV. XILE,04-LesCorts/20-la Maternitat i Sant Ramon,8028.0,4,04,Les Corts
308,"C/ CARDENAL REIG, 11",41.37684,2.114029,54.0,"C/ CARDENAL REIG, 11",04-LesCorts/20-la Maternitat i Sant Ramon,8028.0,4,04,Les Corts
309,"C/ SANT RAMON NONAT,  26",41.3770199,2.1169828,50.0,"C/ SANT RAMON NONAT,  26",04-LesCorts/20-la Maternitat i Sant Ramon,8028.0,4,04,Les Corts
310,C/ JOSEP SAMITIER | AV. JOAN XXIII,41.3812111,2.1190863,46.0,C/ JOSEP SAMITIER | AV. JOAN XXIII,04-LesCorts/20-la Maternitat i Sant Ramon,8028.0,4,04,Les Corts
311,"C/ GALLEGO, 2",41.3785631,2.1202487,43.0,"C/ GALLEGO, 2",04-LesCorts/20-la Maternitat i Sant Ramon,8028.0,4,04,Les Corts
312,"C/ ARIZALA, 77",41.3789061,2.1233038,40.0,"C/ ARIZALA, 77",04-LesCorts/20-la Maternitat i Sant Ramon,8028.0,4,04,Les Corts
313,"C/ FELIU DE CASANOVA, 1",41.3754188,2.1297823,28.0,"C/ FELIU DE CASANOVA, 1",03-Sants-Montjuïc/17-Sants - Badal,8028.0,3,03,Sants-Montjuïc
314,"RAMBLA DEL BRASIL, 44",41.3783067,2.1297303,35.0,"RAMBLA DEL BRASIL, 44",03-Sants-Montjuïc/18-Sants,8028.0,3,03,Sants-Montjuïc
315,"C/ DEL GUINARDÓ, 32-38",41.4156285,2.1817876,38.0,"C/ DEL GUINARDÓ, 32-38",10-SantMartí/64-el Camp de l'Arpa del Clot,8041.0,10,10,Sant Martí
316,"C/ CANTÀBRIA, 55",41.4224015,2.198071,9.0,"C/ CANTÀBRIA, 55",10-SantMartí/73-la Verneda i la Pau,8020.0,10,10,Sant Martí
317,"RAMBLA DE PRIM, 256",41.4256626,2.2008632,11.0,"RAMBLA DE PRIM, 256",10-SantMartí/73-la Verneda i la Pau,8020.0,10,10,Sant Martí
318,"C/ CASTILLEJOS, 388",41.412427,2.170592,77.0,"C/ CASTILLEJOS, 388",07-Horta-Guinardó/33-el Baix Guinardó,8025.0,7,07,Horta-Guinardó
319,"C/ SAGUÉS, 1",41.3937414,2.1455022,51.0,"C/ SAGUÉS, 1",05-Sarrià-StGervasi/26-Sant Gervasi - Galvany,8021.0,5,05,Sarrià-Sant Gervasi
320,"C/ MADRAZO, 39",41.400305,2.149144,67.0,"C/ MADRAZO, 39",05-Sarrià-StGervasi/26-Sant Gervasi - Galvany,8006.0,5,05,Sarrià-Sant Gervasi
321,"C/ SANT HERMENEGILD, 30",41.4031529,2.1445843,79.0,"C/ SANT HERMENEGILD, 30",05-Sarrià-StGervasi/27-el Putxet i el Farró,8006.0,5,05,Sarrià-Sant Gervasi
322,"C/ SANTALÓ, 165",41.4009,2.13892,106.0,"C/ SANTALÓ, 165",05-Sarrià-StGervasi/26-Sant Gervasi - Galvany,8021.0,5,05,Sarrià-Sant Gervasi
323,"C/ VALLMAJOR, 13",41.3981616,2.1386719,88.0,"C/ VALLMAJOR, 13",05-Sarrià-StGervasi/26-Sant Gervasi - Galvany,8021.0,5,05,Sarrià-Sant Gervasi
324,"C/ REINA VICTORIA, 31",41.3969455,2.136346,80.0,"C/ REINA VICTORIA, 31",05-Sarrià-StGervasi/26-Sant Gervasi - Galvany,8021.0,5,05,Sarrià-Sant Gervasi
325,"C/ ALT DE GIRONELLA, 13",41.3949601,2.1302775,82.0,"C/ ALT DE GIRONELLA, 13",05-Sarrià-StGervasi/24-les Tres Torres,8017.0,5,05,Sarrià-Sant Gervasi
326,"C/ BALMES, 409",41.4074131,2.1381069,111.0,"C/ BALMES, 409",05-Sarrià-StGervasi/25-Sant Gervasi - la Bonanova,8022.0,5,05,Sarrià-Sant Gervasi
327,"C/ REUS, 23",41.4050074,2.134603,114.0,"C/ REUS, 23",05-Sarrià-StGervasi/25-Sant Gervasi - la Bonanova,8022.0,5,05,Sarrià-Sant Gervasi
328,"C/ ARTESA DE SEGRE, 2",41.402988,2.1344691,106.0,"C/ ARTESA DE SEGRE, 2",05-Sarrià-StGervasi/25-Sant Gervasi - la Bonanova,8022.0,5,05,Sarrià-Sant Gervasi
329,"C/ DE LES ESCOLES PIES, 99",41.4029965,2.1283866,121.0,"C/ DE LES ESCOLES PIES, 99",05-Sarrià-StGervasi/24-les Tres Torres,8017.0,5,05,Sarrià-Sant Gervasi
330,"C/ PAU ALCOVER, 94",41.401883,2.131524,108.0,"C/ PAU ALCOVER, 94",05-Sarrià-StGervasi/24-les Tres Torres,8017.0,5,05,Sarrià-Sant Gervasi
331,"C/ CASTELLNOU, 65",41.3970497,2.1279409,95.0,"C/ CASTELLNOU, 65",05-Sarrià-StGervasi/24-les Tres Torres,8017.0,5,05,Sarrià-Sant Gervasi
332,"C/ DOCTOR ROUX, 86",41.3998981,2.1281922,104.0,"C/ DOCTOR ROUX, 86",05-Sarrià-StGervasi/24-les Tres Torres,8017.0,5,05,Sarrià-Sant Gervasi
333,"PASSATGE DE SENILLOSA, 3-5",41.3954723,2.1250451,94.0,"PASSATGE DE SENILLOSA, 3-5",05-Sarrià-StGervasi/23-Sarrià,8034.0,5,05,Sarrià-Sant Gervasi
334,"PG. BONANOVA, 100",41.400793,2.122889,117.0,"PG. BONANOVA, 100",05-Sarrià-StGervasi/23-Sarrià,8017.0,5,05,Sarrià-Sant Gervasi
335,"C/ SANTA AMÈLIA, 2",41.3935355,2.1231228,92.0,"C/ SANTA AMÈLIA, 2",05-Sarrià-StGervasi/23-Sarrià,8034.0,5,05,Sarrià-Sant Gervasi
336,"AV. JOSEP VICENÇ FOIX, 52",41.3948771,2.1205394,96.0,"AV. JOSEP VICENÇ FOIX, 52",05-Sarrià-StGervasi/23-Sarrià,8034.0,5,05,Sarrià-Sant Gervasi
337,"C/ CARME KARR, 12-14",41.3986238,2.1204941,117.0,"C/ CARME KARR, 12-14",05-Sarrià-StGervasi/23-Sarrià,8034.0,5,05,Sarrià-Sant Gervasi
338,"AV. JOSEP VICENÇ FOIX, 63",41.3977227,2.1194557,111.0,"AV. JOSEP VICENÇ FOIX, 63",05-Sarrià-StGervasi/23-Sarrià,8034.0,5,05,Sarrià-Sant Gervasi
339,"C/ RAMON TURRÓ, 246",41.4017084,2.2053803,2.0,"C/ RAMON TURRÓ, 246",10-SantMartí/68-el Poblenou,8005.0,10,10,Sant Martí
340,"C/ SANT ADRIÀ, 113",41.4361782,2.2047037,13.0,"C/ SANT ADRIÀ, 113",09-SantAndreu/59-el Bon Pastor,8030.0,9,09,Sant Andreu
341,"PG. D'ENRIC SANCHIS, 33",41.4339212,2.2062245,11.0,"PG. D'ENRIC SANCHIS, 33",09-SantAndreu/59-el Bon Pastor,8030.0,9,09,Sant Andreu
342,"C/ ROC BORONAT, 134",41.4034967,2.1936584,5.0,"C/ ROC BORONAT, 134",10-SantMartí/66-el Parc i la Llacuna del Poblenou,8018.0,10,10,Sant Martí
343,CAMPANA DE LA MAQUINISTA (SAO PAULO I P,41.4389609,2.1996179,14.0,CAMPANA DE LA MAQUINISTA (SAO PAULO I PL. DE,09-SantAndreu/59-el Bon Pastor,8030.0,9,09,Sant Andreu
344,"C/ CIUTAT D'ASUNCIÓN, 73 / POTOSÍ",41.4431441,2.1996045,16.0,"C/ CIUTAT D'ASUNCIÓN, 73 / POTOSÍ",09-SantAndreu/58-Baró de Viver,8030.0,9,09,Sant Andreu
345,PL. TERESA DE CLARAMUNT/C/ DELS FERROCA,41.3631066,2.1398322,10.0,PL. TERESA DE CLARAMUNT/C/ DELS FERROCARILS,03-Sants-Montjuïc/13-la Marina de Port,8038.0,3,03,Sants-Montjuïc
346,"PG. ZONA FRANCA, 182",41.360798,2.138931,8.0,"PG. ZONA FRANCA, 182",03-Sants-Montjuïc/13-la Marina de Port,8038.0,3,03,Sants-Montjuïc
347,"C/ ALTS FORNS, 77",41.3595484,2.1417765,9.0,"C/ ALTS FORNS, 77",03-Sants-Montjuïc/13-la Marina de Port,8038.0,3,03,Sants-Montjuïc
348,JARDINS DE CAN FERRERO/PG.DE LA ZONA FR,41.357067,2.141563,7.0,JARDINS DE CAN FERRERO/PG.DE LA ZONA FRANCA,03-Sants-Montjuïc/13-la Marina de Port,8038.0,3,03,Sants-Montjuïc
349,"C/ DE L'ENERGIA, 2 / ALTS FORNS",41.3573288,2.1371996,7.0,"C/ DE L'ENERGIA, 2 / ALTS FORNS",03-Sants-Montjuïc/13-la Marina de Port,8038.0,3,03,Sants-Montjuïc
350,"C/ LONDRES, 63",41.391756,2.148291,,"C/ LONDRES, 63",02-Eixample/08-l'Antiga Esquerra de l'Eixample,8036.0,2,02,Eixample
351,"C/ JANE ADDAMS, 26/ CRTA. DEL PRAT",41.3621232,2.1356187,9.0,"C/ JANE ADDAMS, 26/ CRTA. DEL PRAT",03-Sants-Montjuïc/13-la Marina de Port,8038.0,3,03,Sants-Montjuïc
352,"C/RADI,10/GRAN VIA DE LES CORTS CATALA",41.363279,2.1341586,9.0,"C/RADI,10/GRAN VIA DE LES CORTS CATALANES",03-Sants-Montjuïc/13-la Marina de Port,8038.0,3,03,Sants-Montjuïc
353,C/ MUNNÉ  2-6,41.37541,2.1232547,34.0,C/ MUNNÉ  2-6,03-Sants-Montjuïc/17-Sants - Badal,8028.0,3,03,Sants-Montjuïc
354,"RAMBLA DEL BRASIL, 5",41.3759419,2.1299539,28.0,"RAMBLA DEL BRASIL, 5",03-Sants-Montjuïc/17-Sants - Badal,8028.0,3,03,Sants-Montjuïc
355,"C/ RIERA BLANCA, 123",41.371459,2.127854,22.0,"C/ RIERA BLANCA, 123",03-Sants-Montjuïc/17-Sants - Badal,8028.0,3,03,Sants-Montjuïc
356,"C/ CAMÈLIES, 73",41.4134503,2.1631012,106.0,"C/ CAMÈLIES, 73",07-Horta-Guinardó/33-el Baix Guinardó,8024.0,7,07,Horta-Guinardó
357,"C/ CARDENER, 59",41.4105956,2.1579897,87.0,"C/ CARDENER, 59",06-Gràcia/31-la Vila de Gràcia,8024.0,6,06,Gràcia
358,"Barcelona Activa C/ GOMBAU, 24",41.3872437,2.1793035,5.0,"Barcelona Activa C/ GOMBAU, 24","01-CiutatVella/04-Sant Pere, Santa Caterina i la Ribera",8003.0,1,01,Ciutat Vella
359,"C/ MÉNDEZ NÚÑEZ, 16",41.3900544,2.1775594,12.0,"C/ MÉNDEZ NÚÑEZ, 16","01-CiutatVella/04-Sant Pere, Santa Caterina i la Ribera",8003.0,1,01,Ciutat Vella
360,"C/ BAILÉN, 62",41.3952527,2.1730023,22.0,"C/ BAILÉN, 62",02-Eixample/07-la Dreta de l'Eixample,8009.0,2,02,Eixample
361,PG. DE COLOM (LES RAMBLES),41.37652,2.17881,5.0,PG. DE COLOM (LES RAMBLES),01-CiutatVella/02-el Barri Gòtic,8039.0,1,01,Ciutat Vella
362,"C/ BAILÉN, 100",41.396994,2.1706323,27.0,"C/ BAILÉN, 100",02-Eixample/07-la Dreta de l'Eixample,8009.0,2,02,Eixample
363,"C/ BRUC, 20",41.3908381,2.1743743,16.0,"C/ BRUC, 20",02-Eixample/07-la Dreta de l'Eixample,8010.0,2,02,Eixample
364,"PG. DE GRÀCIA, 61",41.393062,2.1633226,32.0,"PG. DE GRÀCIA, 61",02-Eixample/07-la Dreta de l'Eixample,8007.0,2,02,Eixample
365,"C/ VILADOMAT, 244",41.3875712,2.1469336,39.0,"C/ VILADOMAT, 244",02-Eixample/09-la Nova Esquerra de l'Eixample,8029.0,2,02,Eixample
367,"C/ MARQUÈS DE SENTMENAT, 46",41.384972,2.1376205,44.0,"C/ MARQUÈS DE SENTMENAT, 46",04-LesCorts/19-les Corts,8029.0,4,04,Les Corts
368,"C/ DIPUTACIÓ, 373",41.3968391,2.1756598,21.0,"C/ DIPUTACIÓ, 373",02-Eixample/07-la Dreta de l'Eixample,8013.0,2,02,Eixample
369,"C/ CONSELL DE CENT, 482",41.40013,2.1780175,23.0,"C/ CONSELL DE CENT, 482",02-Eixample/05-el Fort Pienc,8013.0,2,02,Eixample
370,"C/ SARDENYA, 326",41.4039698,2.1729061,37.0,"C/ SARDENYA, 326",02-Eixample/06-la Sagrada Família,8025.0,2,02,Eixample
371,"C/ DELS ENAMORATS, 49",41.4040525,2.181199,19.0,"C/ DELS ENAMORATS, 49",02-Eixample/06-la Sagrada Família,8013.0,2,02,Eixample
372,"C/ RIBES, 77",41.4001015,2.1841711,9.0,"C/ RIBES, 77",02-Eixample/05-el Fort Pienc,8013.0,2,02,Eixample
373,"AV. PARAL.LEL, 132",41.3750995,2.1613897,13.0,"AV. PARAL.LEL, 132",02-Eixample/10-Sant Antoni,8015.0,2,02,Eixample
374,"PG. DE GRÀCIA, 89",41.3949729,2.1612814,37.0,"PG. DE GRÀCIA, 89",02-Eixample/07-la Dreta de l'Eixample,8008.0,2,02,Eixample
375,WORLD TRADE CENTER,41.3720293,2.1804468,3.0,WORLD TRADE CENTER,01-CiutatVella/01-el Raval,8039.0,1,01,Ciutat Vella
376,WORLD  TRADE CENTER,41.3718728,2.180302,3.0,WORLD  TRADE CENTER,01-CiutatVella/01-el Raval,8039.0,1,01,Ciutat Vella
377,PL. ICTÍNEO,41.3776292,2.1836886,2.0,PL. ICTÍNEO,01-CiutatVella/02-el Barri Gòtic,8039.0,1,01,Ciutat Vella
378,"PL. JOAQUIM XIRAU I PALAU, 1",41.3785379,2.1767427,5.0,"PL. JOAQUIM XIRAU I PALAU, 1",01-CiutatVella/02-el Barri Gòtic,8002.0,1,01,Ciutat Vella
379,"AV. JOSEP TARRADELLAS, 27",41.3829333,2.1420704,35.0,"AV. JOSEP TARRADELLAS, 27",03-Sants-Montjuïc/18-Sants,8029.0,3,03,Sants-Montjuïc
380,"C/ DURAN I BAS, 2",41.3854094,2.1740155,11.0,"C/ DURAN I BAS, 2",01-CiutatVella/02-el Barri Gòtic,8002.0,1,01,Ciutat Vella
381,"C/ AGUSTÍ DURAN I SANPERE, 10",41.381635534627,2.16772946686476,,"C/ AGUSTÍ DURAN I SANPERE, 10",01-CiutatVella/01-el Raval,8001.0,1,01,Ciutat Vella
382,"C/ LOPE DE VEGA, 79",41.4038902,2.2041137,3.0,"C/ LOPE DE VEGA, 79",10-SantMartí/68-el Poblenou,8005.0,10,10,Sant Martí
383,"C/ NUMÀNCIA, 2",41.381219,2.141767,32.0,"C/ NUMÀNCIA, 2",03-Sants-Montjuïc/18-Sants,8029.0,3,03,Sants-Montjuïc
384,"C/ VILAMARÍ, 85",41.3807072,2.1468381,28.0,"C/ VILAMARÍ, 85",02-Eixample/09-la Nova Esquerra de l'Eixample,8015.0,2,02,Eixample
385,"C/ CASANOVA, 119",41.387888,2.1552902,30.0,"C/ CASANOVA, 119",02-Eixample/08-l'Antiga Esquerra de l'Eixample,8036.0,2,02,Eixample
386,AV. PARAL.LEL 164,41.3751866,2.1568773,17.0,AV. PARAL.LEL 164,02-Eixample/10-Sant Antoni,8015.0,2,02,Eixample
387,"C/ NÀPOLS, 125",41.3957813,2.1787074,15.0,"C/ NÀPOLS, 125",02-Eixample/05-el Fort Pienc,8013.0,2,02,Eixample
388,"C/ RIERA ALTA, 6",41.3806411,2.1671611,10.0,"C/ RIERA ALTA, 6",01-CiutatVella/01-el Raval,8001.0,1,01,Ciutat Vella
389,RECINTE PARC DE LA CIUTADELLA,41.3873901,2.1875446,4.0,RECINTE PARC DE LA CIUTADELLA,"01-CiutatVella/04-Sant Pere, Santa Caterina i la Ribera",8003.0,1,01,Ciutat Vella
390,"Barcelona Activa C/ COMERÇ, 36",41.3869612,2.1820169,5.0,"Barcelona Activa C/ COMERÇ, 36","01-CiutatVella/04-Sant Pere, Santa Caterina i la Ribera",8003.0,1,01,Ciutat Vella
391,"C/ GRAN DE LA SAGRERA, 74",41.4230551,2.1913753,22.0,"C/ GRAN DE LA SAGRERA, 74",09-SantAndreu/61-la Sagrera,8027.0,9,09,Sant Andreu
392,"C/ RAMON TURRÓ, 4",41.3905303,2.1906339,5.0,"C/ RAMON TURRÓ, 4",10-SantMartí/67-la Vila Olímpica del Poblenou,8005.0,10,10,Sant Martí
393,"C/ LLACUNA, 86",41.4022657,2.1976297,3.0,"C/ LLACUNA, 86",10-SantMartí/68-el Poblenou,8005.0,10,10,Sant Martí
394,"C/ DIPUTACIÓ, 226",41.3873057,2.1631263,25.0,"C/ DIPUTACIÓ, 226",02-Eixample/08-l'Antiga Esquerra de l'Eixample,8007.0,2,02,Eixample
395,"PL. CATALUNYA, 22",41.3860607,2.1702467,15.0,"PL. CATALUNYA, 22",02-Eixample/02-el Barri Gòtic,8002.0,2,02,Eixample
396,"C/ JOAN MIRÓ, 2-12",41.3890253,2.1968267,5.0,"C/ JOAN MIRÓ, 2-12",10-SantMartí/67-la Vila Olímpica del Poblenou,8005.0,10,10,Sant Martí
397,AV. LITORAL (PG MARÍTIM DEL PORT OLÍMPI,41.3889129,2.1993105,6.0,AV. LITORAL (PG MARÍTIM DEL PORT OLÍMPIC),10-SantMartí/67-la Vila Olímpica del Poblenou,8005.0,10,10,Sant Martí
398,PG. MARÍTIM DE LA BARCELONETA/ANDREA DÒ,41.380955,2.1934636,4.0,PG. MARÍTIM DE LA BARCELONETA/ANDREA DÒRIA,01-CiutatVella/03-la Barceloneta,8003.0,1,01,Ciutat Vella
399,"C/ PAVIA, 3",41.3734706,2.1332694,23.0,"C/ PAVIA, 3",03-Sants-Montjuïc/18-Sants,8028.0,3,03,Sants-Montjuïc
400,MOLL ORIENTAL,41.3694508,2.1879597,3.0,MOLL ORIENTAL,01-CiutatVella/03-la Barceloneta,8039.0,1,01,Ciutat Vella
401,PLA DE PALAU,41.382418,2.183723,4.0,PLA DE PALAU,01-CiutatVella/02-el Barri Gòtic,8002.0,1,01,Ciutat Vella
402,PG. DE COLOM (VIA LAIETANA),41.380628,2.1821917,4.0,PG. DE COLOM (VIA LAIETANA),01-CiutatVella/02-el Barri Gòtic,8002.0,1,01,Ciutat Vella
403,"C/ VALLESPIR, 49",41.3796421,2.1368202,32.0,"C/ VALLESPIR, 49",03-Sants-Montjuïc/18-Sants,8014.0,3,03,Sants-Montjuïc
404,"C/ JUAN GRIS, 28",41.3653426,2.1331357,11.0,"C/ JUAN GRIS, 28",03-Sants-Montjuïc/16-la Bordeta,8014.0,3,03,Sants-Montjuïc
405,"C/ COMTE BORRELL, 198",41.3854003,2.1521802,28.0,"C/ COMTE BORRELL, 198",02-Eixample/09-la Nova Esquerra de l'Eixample,8029.0,2,02,Eixample
406,"GRAN VIA DE LES CORTS CATALANES, 592",41.3863747,2.1646697,21.0,"GRAN VIA DE LES CORTS CATALANES, 592",02-Eixample/07-la Dreta de l'Eixample,8007.0,2,02,Eixample
408,"C/ RAMON TRIAS FARGAS, 23",41.3889972,2.1923283,5.0,"C/ RAMON TRIAS FARGAS, 23",10-SantMartí/67-la Vila Olímpica del Poblenou,8005.0,10,10,Sant Martí
409,"C/ JOAN D'ÀUSTRIA, 31B",41.392384,2.1925059,5.0,"C/ JOAN D'ÀUSTRIA, 31B",10-SantMartí/67-la Vila Olímpica del Poblenou,8005.0,10,10,Sant Martí
410,PG.DE COLOM (LES RAMBLES),41.376433,2.17871,5.0,PG.DE COLOM (LES RAMBLES),01-CiutatVella/02-el Barri Gòtic,8039.0,1,01,Ciutat Vella
411,"C/ JOSEP PLA, 67",41.411381,2.2122054,4.0,"C/ JOSEP PLA, 67",10-SantMartí/69-Diagonal Mar i el Front Marítim del Poblenou,8019.0,10,10,Sant Martí
412,"PL. URQUINAONA, 3",41.3893094,2.1727457,17.0,"PL. URQUINAONA, 3",02-Eixample/07-la Dreta de l'Eixample,8010.0,2,02,Eixample
413,"C/ BRUC, 66",41.393489,2.1707419,24.0,"C/ BRUC, 66",02-Eixample/07-la Dreta de l'Eixample,8009.0,2,02,Eixample
414,"C/ CASP, 67",41.3937234,2.1764275,16.0,"C/ CASP, 67",02-Eixample/07-la Dreta de l'Eixample,8010.0,2,02,Eixample
415,"RAMBLA DEL RAVAL, 13",41.3793558,2.1689592,8.0,"RAMBLA DEL RAVAL, 13",01-CiutatVella/01-el Raval,8001.0,1,01,Ciutat Vella
416,"RAMBLA DEL RAVAL, 20",41.3781065,2.1696744,6.0,"RAMBLA DEL RAVAL, 20",01-CiutatVella/01-el Raval,8001.0,1,01,Ciutat Vella
417,"C/ VILLAR, 2",41.4164824,2.1801094,46.0,"C/ VILLAR, 2",07-Horta-Guinardó/35-el Guinardó,8041.0,7,07,Horta-Guinardó
418,Barcelona Activa-PG. DE LLUíS COMPANYS,41.391062,2.1801142,10.0,Barcelona Activa-PG. DE LLUíS COMPANYS,"01-CiutatVella/04-Sant Pere, Santa Caterina i la Ribera",8018.0,1,01,Ciutat Vella
419,PG. DE LLUIS COMPANYS (ARC DE TRIOMF ),41.391313,2.1808391,10.0,PG. DE LLUIS COMPANYS (ARC DE TRIOMF),"01-CiutatVella/04-Sant Pere, Santa Caterina i la Ribera",8018.0,1,01,Ciutat Vella
420,"GRAN VIA DE LES CORTS CATALANES,368",41.3743329,2.1479385,24.0," GRAN VIA DE LES CORTS CATALANES,368",03-Sants-Montjuïc/11-el Poble-sec,8010.0,3,03,Sants-Montjuïc
421,"C/ VALLESPIR, 13",41.378118,2.1378667,30.0,"C/ VALLESPIR, 13",03-Sants-Montjuïc/18-Sants,8014.0,3,03,Sants-Montjuïc
422,"C/ JORDI GIRONA, 29",41.3881175,2.1154135,82.0,"C/ JORDI GIRONA, 29",04-LesCorts/21-Pedralbes,8034.0,4,04,Les Corts
423,"C/ HONDURAS, 32-34",41.4202459,2.1894852,22.0,"C/ HONDURAS, 32-34",09-SantAndreu/61-la Sagrera,8027.0,9,09,Sant Andreu
424,"PG. MARÍTIM DE LA BARCELONETA, 6",41.3795862,2.1925198,7.0,"PG. MARÍTIM DE LA BARCELONETA,6",01-CiutatVella/03-la Barceloneta,8003.0,1,01,Ciutat Vella
425,"C/ DE CERVELLÓ, 5",41.3765618,2.1748621,5.0,"C/ DE CERVELLÓ, 5",01-CiutatVella/01-el Raval,8001.0,1,01,Ciutat Vella
426,"C/ DE RIBES, 59 B",41.39828,2.1830315,12.0,"C/ DE RIBES, 59 B",02-Eixample/05-el Fort Pienc,8013.0,2,02,Eixample
427,"C/ DE SANT PAU, 119/ RONDA SANT PAU",41.3754047,2.1680021,9.0,"C/ DE SANT PAU, 119/ RONDA SANT PAU",01-CiutatVella/01-el Raval,8001.0,1,01,Ciutat Vella
428,"C/ PUJADES, 103",41.3983902,2.1960799,3.0,"C/ PUJADES, 103",10-SantMartí/68-el Poblenou,8005.0,10,10,Sant Martí
429,"C/ GRAN CAPITÀ, 9",41.3881262,2.1091535,105.0,"C/ GRAN CAPITÀ, 9",04-LesCorts/21-Pedralbes,8034.0,4,04,Les Corts
430," C/ ALFAMBRA, 2 | AV. DIAGONAL",41.385641,2.113096,77.0,"C/ ALFAMBRA, 2 | AV. DIAGONAL",04-LesCorts/21-Pedralbes,8034.0,4,04,Les Corts
431,"AV. JOAN XXIII, 17",41.383467,2.122175,53.0,"AV. JOAN XXIII, 17",04-LesCorts/20-la Maternitat i Sant Ramon,8028.0,4,04,Les Corts
432,"C/ MARTÍ I FRANQUÈS, 1",41.3847061,2.1170751,63.0,"C/ MARTÍ I FRANQUÈS, 1",04-LesCorts/20-la Maternitat i Sant Ramon,8028.0,4,04,Les Corts
433,"C/ J. MAYNARD KEYNES, 2|AV. DGNAL.",41.3862258,2.1168609,70.0,"C/ J. MAYNARD KEYNES, 2|AV. DGNAL.",04-LesCorts/21-Pedralbes,8034.0,4,04,Les Corts
434,"C/ ROGER, 24",41.3767538,2.1269152,34.0,"C/ ROGER, 24",03-Sants-Montjuïc/17-Sants - Badal,8028.0,3,03,Sants-Montjuïc
435,"AV. DOCTOR MARAÑON, 25 | PAU GARGALLO",41.383585,2.112186,64.0,"AV. DOCTOR MARAÑON, 25 |PAU GARGALLO",04-LesCorts/20-la Maternitat i Sant Ramon,8028.0,4,04,Les Corts
436,"PG. ZONA FRANCA, 54",41.3545425,2.1433038,6.0,"PG. ZONA FRANCA, 54",03-Sants-Montjuïc/12-la Marina del Prat Vermell,8038.0,3,03,Sants-Montjuïc
437,"PG. ZONA FRANCA, 9",41.3513237,2.1450958,5.0,"PG. ZONA FRANCA, 9",03-Sants-Montjuïc/12-la Marina del Prat Vermell,8038.0,3,03,Sants-Montjuïc
438,"C/ NÀPOLS, 183",41.3981669,2.1754896,22.0,"C/ NÀPOLS, 183",02-Eixample/07-la Dreta de l'Eixample,8013.0,2,02,Eixample
439,"RBLA. BADAL, 73 | C/ CONSTITUCIÓ",41.3685394,2.1328403,14.0,"RBLA. BADAL, 73 | C/ CONSTITUCIÓ",03-Sants-Montjuïc/16-la Bordeta,8014.0,3,03,Sants-Montjuïc
440,"C/ SELVA DE MAR, 230",41.417694,2.1976864,9.0,"C/ SELVA DE MAR, 230",10-SantMartí/72-Sant Martí de Provençals,8020.0,10,10,Sant Martí
441,"C/ WATT, 2",41.3754426,2.1398409,25.0,"C/ WATT, 2",03-Sants-Montjuïc/18-Sants,8014.0,3,03,Sants-Montjuïc
442,"C/ MINERIA, 30",41.3649272,2.138599,11.0,"C/ MINERIA, 30",03-Sants-Montjuïc/13-la Marina de Port,8038.0,3,03,Sants-Montjuïc
443,"C/ CASANOVA, 139",41.3887127,2.1542277,33.0,"C/ CASANOVA, 139",02-Eixample/08-l'Antiga Esquerra de l'Eixample,8036.0,2,02,Eixample
444,"C/ LLEIDA, 40",41.3717304,2.1554047,33.0,"C/ LLEIDA, 40",03-Sants-Montjuïc/11-el Poble-sec,8004.0,3,03,Sants-Montjuïc
445,"C/ VILAMARÍ, 2",41.3755016,2.154004,21.0,"C/ VILAMARÍ, 2",02-Eixample/10-Sant Antoni,8015.0,2,02,Eixample
446,"PG. JOAN DE BORBÓ, 42",41.3779974,2.1884228,4.0,"PG. JOAN DE BORBÓ, 42",01-CiutatVella/03-la Barceloneta,8003.0,1,01,Ciutat Vella
447,"C/ ALMOGÀVERS, 63",41.3943033,2.1860256,10.0,"C/ ALMOGÀVERS, 63",02-Eixample/05-el Fort Pienc,8018.0,2,02,Eixample
448,"C/ RAMÓN TURRÓ, 160",41.3972809,2.1997869,3.0,"C/ RAMÓN TURRÓ, 160",10-SantMartí/68-el Poblenou,8005.0,10,10,Sant Martí
449,"C/ BOLIVIA, 120",41.4058109,2.1949461,5.0,"C/ BOLIVIA, 120",10-SantMartí/71-Provençals del Poblenou,8018.0,10,10,Sant Martí
450,"C/ CRISTOBAL DE MOURA, 84",41.410712,2.2061691,3.0,"C/ CRISTOBAL DE MOURA, 84",10-SantMartí/71-Provençals del Poblenou,8019.0,10,10,Sant Martí
451,"C/ PALLARS, 504",41.4140598,2.2150487,4.0,"C/ PALLARS, 504",10-SantMartí/70-el Besòs i el Maresme,8019.0,10,10,Sant Martí
452,"GRAN VIA DE LES CORTS CATALANES, 1157 (D)",41.4194972,2.20934,8.0,"GRAN VIA DE LES CORTS CATALANES, 1157 (D)",10-SantMartí/73-la Verneda i la Pau,8020.0,10,10,Sant Martí
454,"C/ SARDENYA, 402",41.4072349,2.1684799,56.0,"C/ SARDENYA, 402",07-Horta-Guinardó/33-el Baix Guinardó,8025.0,7,07,Horta-Guinardó
455,"C/ PROVENÇA, 595",41.4105848,2.1826833,27.0,"C/ PROVENÇA, 595",10-SantMartí/64-el Camp de l'Arpa del Clot,8026.0,10,10,Sant Martí
456,"C/ MÚRCIA, 1",41.4143392,2.1874539,22.0,"C/ MÚRCIA, 1",10-SantMartí/65-el Clot,8026.0,10,10,Sant Martí
457,"C/ GRANADELLA, 10-19 | C/ SAS",41.4383117,2.2039823,12.0,"C/ GRANADELLA, 10-19 | C/ SAS",09-SantAndreu/59-el Bon Pastor,8030.0,9,09,Sant Andreu
458,"C/ TUCUMÁN, 21",41.4457962,2.2010422,17.0,"C/ TUCUMÁN, 21",09-SantAndreu/59-el Bon Pastor,8030.0,9,09,Sant Andreu
459,"PG. SANTA COLOMA, 105",41.4479402,2.1976757,24.0,"PG. SANTA COLOMA, 105",09-SantAndreu/57-la Trinitat Vella,8030.0,9,09,Sant Andreu
460,"C/ MIREIA, 28",41.4513863,2.1894717,56.0,"C/ MIREIA, 28",09-SantAndreu/57-la Trinitat Vella,8033.0,9,09,Sant Andreu
461,"AV. RIO DE JANEIRO, 118",41.442489,2.185727,43.0,"AV. RIO DE JANEIRO, 118",08-NouBarris/52-la Prosperitat,8016.0,8,08,Nou Barris
462,"C/ PALAMÓS, 33",41.446923,2.184857,61.0,"C/ PALAMÓS, 33",08-NouBarris/53-la Trinitat Nova,8033.0,8,08,Nou Barris
463,"C/ PEDROSA, 24",41.4490679,2.1833801,68.0,"C/ PEDROSA, 24",08-NouBarris/53-la Trinitat Nova,8033.0,8,08,Nou Barris
464,"AV. RIO DE JANEIRO, 96",41.439692,2.182335,47.0,"AV. RIO DE JANEIRO, 96",08-NouBarris/52-la Prosperitat,8016.0,8,08,Nou Barris
465,"C/ ROSSELLÓ, 261",41.3954094,2.1599427,41.0,"C/ ROSSELLÓ, 261",02-Eixample/07-la Dreta de l'Eixample,8008.0,2,02,Eixample
466,"C/ PABLO IGLESIAS, 21",41.443387,2.1813051,63.0,"C/ PABLO IGLESIAS, 21",08-NouBarris/52-la Prosperitat,8016.0,8,08,Nou Barris
467,PL. JESÚS CARRASCO,41.4450463,2.176726,93.0,PL. JESÚS CARRASCO,08-NouBarris/51-Verdun,8042.0,8,08,Nou Barris
468,"C/ NOU BARRIS, 23",41.4480464,2.1775154,107.0,"C/ NOU BARRIS, 23",08-NouBarris/50-les Roquetes,8042.0,8,08,Nou Barris
469,"C/ SANT FRANCESC XAVIER, 1",41.4417001,2.1781553,72.0,"C/ SANT FRANCESC XAVIER, 1",08-NouBarris/52-la Prosperitat,8016.0,8,08,Nou Barris
470,"C/ GÒNGORA, 23",41.4432762,2.1746238,93.0,"C/ GÒNGORA, 23",08-NouBarris/51-Verdun,8042.0,8,08,Nou Barris
471,"PG. VALLDAURA, 171",41.4389014,2.1715576,78.0,"PG. VALLDAURA, 171",08-NouBarris/48-la Guineueta,8042.0,8,08,Nou Barris
472,"VIA FAVÈNCIA, 186",41.4427374,2.170393,105.0,"VIA FAVÈNCIA, 186",08-NouBarris/48-la Guineueta,8042.0,8,08,Nou Barris
473,"PG. FABRA I PUIG, 449",41.4388644,2.1657506,94.0,"PG. FABRA I PUIG, 449",08-NouBarris/48-la Guineueta,8042.0,8,08,Nou Barris
474,"VIA FAVÈNCIA, 47",41.4418604,2.1664224,102.0,"VIA FAVÈNCIA, 47",08-NouBarris/49-Canyelles,8042.0,8,08,Nou Barris
475,"C/ CAMPO FLORIDO, 66",41.4216738,2.1799878,46.0,"C/ CAMPO FLORIDO, 66",09-SantAndreu/62-el Congrés i els Indians,8027.0,9,09,Sant Andreu
476,"C/ PERIODISTES, 9",41.422037,2.174401,80.0,"C/ PERIODISTES, 9",07-Horta-Guinardó/35-el Guinardó,8032.0,7,07,Horta-Guinardó
477,"C/ AMILCAR, 78",41.4260751,2.1722534,69.0,"C/ AMILCAR, 78",07-Horta-Guinardó/36-la Font d'en Fargues,8032.0,7,07,Horta-Guinardó
478,"C/ ESCULTOR LLIMONA, 7",41.4276076,2.1697582,65.0,"C/ ESCULTOR LLIMONA, 7",08-NouBarris/44-Vilapicina i la Torre Llobeta,8031.0,8,08,Nou Barris
479,"PG. FABRA I PUIG, 344",41.430623,2.1671068,73.0,"PG. FABRA I PUIG, 344",08-NouBarris/46-el Turó de la Peira,8031.0,8,08,Nou Barris
480,"PG. FABRA I PUIG, 385",41.4333259,2.1629258,92.0,"PG. FABRA I PUIG, 385",07-Horta-Guinardó/43-Horta,8031.0,7,07,Horta-Guinardó
481,"PG. FABRA I PUIG, 411",41.4357978,2.163872,89.0,"PG. FABRA I PUIG, 411",07-Horta-Guinardó/43-Horta,8031.0,7,07,Horta-Guinardó
482,"PG. UNIVERSAL, 29 | C/ DOCTOR LETAMENDI",41.4372022,2.1620235,95.0,"PG. UNIVERSAL, 29 | C/ DOCTOR LETAMENDI",07-Horta-Guinardó/43-Horta,8042.0,7,07,Horta-Guinardó
483,"BAIXADA DE LA PLANA, 35",41.4294833044993,2.15908110912321,,"BAIXADA DE LA PLANA, 35",07-Horta-Guinardó/43-Horta,8032.0,7,07,Horta-Guinardó
484,"C/ EDUARD TODA, 33 | C/ DOCTOR LETAMENDI",41.4345997,2.1585268,104.0,"C/ EDUARD TODA, 33 | C/ DOCTOR LETAMENDI",07-Horta-Guinardó/43-Horta,8031.0,7,07,Horta-Guinardó
485,"PG. VALLDAURA, 26",41.4374904,2.1565742,121.0,"PG. VALLDAURA, 26",07-Horta-Guinardó/43-Horta,8031.0,7,07,Horta-Guinardó
486,"C/ PORTO, 35 | AV. ESTATUT DE CATALUNYA",41.4306102,2.1564551,81.0,"C/ PORTO, 35 | AV. ESTATUT DE CATALUNYA",07-Horta-Guinardó/43-Horta,8032.0,7,07,Horta-Guinardó
487,"C/ LISBOA, 128",41.4267638,2.1521909,98.0,"C/ LISBOA, 128",07-Horta-Guinardó/42-la Clota,8032.0,7,07,Horta-Guinardó
488,"AV. CAN MARCET, 36",41.4347859,2.147904,132.0,"AV. CAN MARCET, 36",07-Horta-Guinardó/41-la Vall d'Hebron,8035.0,7,07,Horta-Guinardó
489,"C/ JORGE MANRIQUE, 15",41.4312335,2.1499103,119.0,"C/ JORGE MANRIQUE, 15",07-Horta-Guinardó/41-la Vall d'Hebron,8035.0,7,07,Horta-Guinardó
490,"PG. VALL D'HEBRÓN, 168",41.4280668,2.1443777,150.0,"PG. VALL D'HEBRÓN, 168",07-Horta-Guinardó/41-la Vall d'Hebron,8035.0,7,07,Horta-Guinardó
491,"C/ PARE MARIANA, 24",41.4306689,2.1456449,125.0,"C/ PARE MARIANA, 24",07-Horta-Guinardó/41-la Vall d'Hebron,8035.0,7,07,Horta-Guinardó
492,PL. TETUAN,41.3943454,2.1751709,18.0,PL. TETUAN,02-Eixample/07-la Dreta de l'Eixample,8010.0,2,02,Eixample
493,"PG. VALL D'HEBRÓN, 80",41.419965,2.1401823,166.0,"PG. VALL D'HEBRÓN, 80",06-Gràcia/28-Vallcarca i els Penitents,8023.0,6,06,Gràcia
494,"RBLA. CATALUNYA, 33 - C/ DIPUTACIÓ",41.3896967,2.1652199,25.0,"RBLA. CATALUNYA, 33 - C/ DIPUTACIÓ",02-Eixample/07-la Dreta de l'Eixample,8007.0,2,02,Eixample
495,"C/ DIPUTACIÓ, 22",41.377846,2.150523,24.0,"C/ DIPUTACIÓ, 22",02-Eixample/09-la Nova Esquerra de l'Eixample,8015.0,2,02,Eixample
496,"C/ PROVENÇA,  445",41.4048623,2.174799,33.0,"C/ PROVENÇA, 445",02-Eixample/06-la Sagrada Família,8025.0,2,02,Eixample
497,"PTGE. MALUQUER, 16",41.4095489,2.1360313,124.0,"PTGE. MALUQUER, 16",05-Sarrià-StGervasi/25-Sant Gervasi - la Bonanova,8022.0,5,05,Sarrià-Sant Gervasi
498,"C/ ESTEVE TERRADAS, 42",41.4144967,2.1402433,145.0,"C/ ESTEVE TERRADAS, 42",06-Gràcia/28-Vallcarca i els Penitents,8023.0,6,06,Gràcia
499,"AV. VALLCARCA, 196",41.4160558,2.1421504,127.0,"AV. VALLCARCA, 196",06-Gràcia/28-Vallcarca i els Penitents,8023.0,6,06,Gràcia
500,"C/ ARGENTERA, 23",41.4117633,2.1453424,101.0,"C/ ARGENTERA, 23",06-Gràcia/28-Vallcarca i els Penitents,8023.0,6,06,Gràcia
501,"C/ ELISA, 1",41.4052698,2.1420204,95.0,"C/ ELISA, 1",05-Sarrià-StGervasi/27-el Putxet i el Farró,8023.0,5,05,Sarrià-Sant Gervasi
502,"AV. VALLCARCA, 11",41.4074444,2.1492066,88.0,"AV. VALLCARCA, 11",06-Gràcia/28-Vallcarca i els Penitents,8023.0,6,06,Gràcia
503,"C/ MAIGNON, 31-41",41.4095926,2.1524953,105.0,"C/ MAIGNON, 31-41",06-Gràcia/30-la Salut,8024.0,6,06,Gràcia
504,"C/ MASSENS, 76",41.4092333,2.1557747,87.0,"C/ MASSENS, 76",06-Gràcia/31-la Vila de Gràcia,8024.0,6,06,Gràcia
505,"C/ CAMÈLIES, 78",41.4145614,2.1658677,118.0,"C/ CAMÈLIES, 78",07-Horta-Guinardó/33-el Baix Guinardó,8024.0,7,07,Horta-Guinardó
506,"C/ GARRIGA I ROCA, 2",41.4191957,2.1718497,107.0,"C/ GARRIGA I ROCA, 2",07-Horta-Guinardó/35-el Guinardó,8041.0,7,07,Horta-Guinardó
507,"C/ SARDENYA, 494",41.4107641,2.1640965,81.0,"C/ SARDENYA, 494",07-Horta-Guinardó/33-el Baix Guinardó,8024.0,7,07,Horta-Guinardó
508,"C/ SARDENYA, 465",41.4090922,2.1656378,70.0,"C/ SARDENYA, 465",06-Gràcia/32-el Camp d'en Grassot i Gràcia Nova,8025.0,6,06,Gràcia
509,"C/ TORRENT DE L'OLLA, 11",41.3989713,2.1606736,46.0,"C/ TORRENT DE L'OLLA, 11",06-Gràcia/31-la Vila de Gràcia,8012.0,6,06,Gràcia
510,"C/ GRAN DE GRÀCIA, 37",41.3989151,2.1564253,55.0,"C/ GRAN DE GRÀCIA, 37",06-Gràcia/31-la Vila de Gràcia,8012.0,6,06,Gràcia
511,"C/ GRAN DE GRÀCIA, 91",41.4006862,2.1543317,61.0,"C/ GRAN DE GRÀCIA, 91",06-Gràcia/31-la Vila de Gràcia,8012.0,6,06,Gràcia
512,"C/ D'ALACANT, 12",41.4000778,2.1326911,96.0,"C/ D'ALACANT, 12",05-Sarrià-StGervasi/24-les Tres Torres,8017.0,5,05,Sarrià-Sant Gervasi
513,"VIA AUGUSTA, 317",41.399017,2.124329,111.0,"VIA AUGUSTA, 317",05-Sarrià-StGervasi/24-les Tres Torres,8017.0,5,05,Sarrià-Sant Gervasi
514,"C/ ARAGÓ, 614",41.4095069,2.1885055,16.0,"C/ ARAGÓ, 614",10-SantMartí/65-el Clot,8018.0,10,10,Sant Martí
515,"C/ SANT ADRIÀ, 43",41.4352071,2.1948002,19.0,"C/ SANT ADRIÀ, 43",09-SantAndreu/59-el Bon Pastor,8030.0,9,09,Sant Andreu
516,"C/ SANT ADRIÀ, 88",41.4354601,2.2001569,15.0,"C/ SANT ADRIÀ, 88",09-SantAndreu/59-el Bon Pastor,8030.0,9,09,Sant Andreu
517,"AV. RASOS DE PEGUERA, 10",41.462095,2.178959,44.0,"AV. RASOS DE PEGUERA, 10",08-NouBarris/55-Ciutat Meridiana,8033.0,8,08,Nou Barris
518,"C/ LLOBREGÓS, 115",41.4246885,2.1570492,112.0,"C/ LLOBREGÓS, 115",07-Horta-Guinardó/37-el Carmel,8032.0,7,07,Horta-Guinardó
519,"C/ PEDRELL, 52",41.4246548,2.166289,110.0,"C/ PEDRELL, 52",07-Horta-Guinardó/36-la Font d'en Fargues,8032.0,7,07,Horta-Guinardó
526,C/ TARONGERS | AV. MIRAMAR (TELEFÈRIC),41.3683855,2.1645038,93.0,C/ TARONGERS | AV. MIRAMAR (TELEFÈRIC),03-Sants-Montjuïc/11-el Poble-sec,8038.0,3,03,Sants-Montjuïc
527,"PG. OLIMPIC, 8",41.3619729005392,2.15432161045075,,"PG. OLIMPIC, 8",03-Sants-Montjuïc/11-el Poble-sec,8038.0,3,03,Sants-Montjuïc
537,"AV. ESTADI, 12",41.3653602,2.1476099,75.0,"AV. ESTADI, 12",03-Sants-Montjuïc/11-el Poble-sec,8038.0,3,03,Sants-Montjuïc
538,"AV. ESTADI, 38",41.3663147,2.1522059,86.0,"AV. ESTADI, 38",03-Sants-Montjuïc/11-el Poble-sec,8038.0,3,03,Sants-Montjuïc
539,"C/ FRANÇA XICA, 4",41.3721749,2.1602153,26.0,"C/ FRANÇA XICA, 4",03-Sants-Montjuïc/11-el Poble-sec,8004.0,3,03,Sants-Montjuïc
540,"C/ MANDONI, 6",41.3693483,2.1426008,18.0,"C/ MANDONI, 6",03-Sants-Montjuïc/14-la Font de la Guatlla,8004.0,3,03,Sants-Montjuïc
541,"C/ MARBRE, 2",41.3614158,2.1476169,28.0,"C/ MARBRE, 2",03-Sants-Montjuïc/13-la Marina de Port,8038.0,3,03,Sants-Montjuïc
542,Copa América Barcelona - 542,41.3745380911102,2.18921691326618,,Copa América Barcelona 2024,,,1,01,Ciutat Vella
543,Copa América Barcelona - 543,41.3838298564072,2.19137099384841,,Copa América Barcelona 2024,,,1,01,Ciutat Vella
544,"C/ MONTFAR, 1",41.37049,2.148729,,"C/ MONTFAR, 1",03-Sants-Montjuïc/14-la Font de la Guatlla,8004.0,3,03,Sants-Montjuïc
547,"C/ MALLORCA, 194 (xamfrà)",41.38997,2.15772,33.0,"C/ MALLORCA, 194 (xamfrà)",02-Eixample/08-l'Antiga Esquerra de l'Eixample,8036.0,2,02,Eixample
553,"VIA AUGUSTA, 68",41.4005123,2.1518158,61.0,"VIA AUGUSTA, 68",06-Gràcia/31-la Vila de Gràcia,8006.0,6,06,Gràcia
554,"C/ AVENIR, 35",41.3957844,2.1468644,58.0,"C/ AVENIR, 35",05-Sarrià-StGervasi/26-Sant Gervasi - Galvany,8021.0,5,05,Sarrià-Sant Gervasi
558,"RBLA MUNTANYA, 49",41.4209497,2.1768396,62.0,"RBLA MUNTANYA, 49",07-Horta-Guinardó/35-el Guinardó,8041.0,7,07,Horta-Guinardó
561,"C/ MANILA, 53",41.3900749643978,2.12649638895492,69.4,"C/ MANILA, 53",04-LesCorts/21-Pedralbes,8034.0,4,04,Les Corts
563,"C/ ENTENÇA, 301",41.38952,2.13862,54.0,"C/ ENTENÇA, 301",04-LesCorts/19-les Corts,8029.0,4,04,Les Corts
564,"C/ CARRERA, 1",41.3744342365138,2.17486130472679,,"C/ CARRERA, 1",03-Sants-Montjuïc/11-el Poble-sec,8004.0,3,03,Sants-Montjuïc
565,"C/ FRA JUNÍPER SERRA, 53 | C/ SANTANDER",41.4321492376238,2.20548960446323,,"C/ FRA JUNÍPER SERRA, 53 | C/ SANTANDER",09-SantAndreu/59-el Bon Pastor,8020.0,9,09,Sant Andreu
566,"C/ CRISTÓBAL DE MOURA, 163 (xamfrà)",41.4135108,2.2093559,9.98,"C/ CRISTÓBAL DE MOURA, 163 (xamfrà)",10-SantMartí/71-Provençals del Poblenou,8019.0,10,10,Sant Martí
567,"C/ RAMON TURRÓ, 182 (xamfrà)",41.39816,2.20085,3.66,"C/ RAMON TURRÓ, 182 (xamfrà)",10-SantMartí/68-el Poblenou,8005.0,10,10,Sant Martí
568,"C/ ROMÁN MACAYA, 8",41.4134658326881,2.13520478647346,154.72,"C/ ROMÁN MACAYA, 8",05-Sarrià-StGervasi/25-Sant Gervasi - la Bonanova,8022.0,5,05,Sarrià-Sant Gervasi
569,"C/ QUATRE CAMINS, 46",41.410472,2.131204,151.0,"C/ QUATRE CAMINS, 46",05-Sarrià-StGervasi/25-Sant Gervasi - la Bonanova,8022.0,5,05,Sarrià-Sant Gervasi
572,"AV. CAN MARCET, 3",41.4341809929127,2.15187841563274,115.0,"AV. CAN MARCET, 3",07-Horta-Guinardó/41-la Vall d'Hebron,8035.0,7,07,Horta-Guinardó
573," AV. MARTÍ CODOLAR, 2 | COLL I ALENTORN",41.4249916795074,2.14819656044664,122.88," AV. MARTÍ CODOLAR, 2 | COLL I ALENTORN",07-Horta-Guinardó/41-la Vall d'Hebron,8035.0,7,07,Horta-Guinardó
577,"PTGE. CALAFELL, 3",41.4237747,2.1546161,129.15,"PTGE. CALAFELL, 3",07-Horta-Guinardó/37-el Carmel,8032.0,7,07,Horta-Guinardó
581,"AV. JORDÀ, 18",41.426778,2.138417,184.0,"AV. JORDÀ, 18",07-Horta-Guinardó/39-Sant Genís dels Agudells,8035.0,7,07,Horta-Guinardó
582,"C/ JUDEA, 1",41.4250608907384,2.14117169130441,164.88,"C/ JUDEA, 1",07-Horta-Guinardó/39-Sant Genís dels Agudells,8035.0,7,07,Horta-Guinardó
595,"C/ BRUC, 88",41.394576,2.169295,,"C/ BRUC, 88",02-Eixample/07-la Dreta de l'Eixample,8009.0,2,02,Eixample
596,"C/ DIPUTACIÓ, 303",41.392639960504,2.1696469558197,,"C/ DIPUTACIÓ, 303",02-Eixample/07-la Dreta de l'Eixample,8009.0,2,02,Eixample
597,"C/ PROVENÇA, 310",41.3959653,2.1635462,0.0,"C/ PROVENÇA, 310",,,2,02,Eixample
598,"C/ BRUC, 103 (xamfrà)",41.395821,2.16728,31.0,"C/ BRUC, 103 (xamfrà)",02-Eixample/07-la Dreta de l'Eixample,8009.0,2,02,Eixample
599,"C/ VALÈNCIA, 312 (xamfrà)",41.3950976,2.1666929,31.79,"C/ VALÈNCIA, 312 (xamfrà)",02-Eixample/07-la Dreta de l'Eixample,8009.0,2,02,Eixample
600,"C/ VALÈNCIA, 237",41.39187,2.16202,32.0,"C/ VALÈNCIA, 237",02-Eixample/07-la Dreta de l'Eixample,8007.0,2,02,Eixample
602,"C/ ROSSELLÓ, 497 (xamfrà)",41.4081139,2.176757,37.11,"C/ ROSSELLÓ, 497 (xamfrà)",02-Eixample/06-la Sagrada Família,,2,02,Eixample
603,"C/ CÒRSEGA, 612 (xamfrà)",41.4093189006091,2.17657691610016,40.65,"C/ CÒRSEGA, 612 (xamfrà)",02-Eixample/06-la Sagrada Família,8025.0,2,02,Eixample
604,"C/ CÒRSEGA, 578",41.4079467,2.1748603,,"C/ CÒRSEGA, 578",02-Eixample/06-la Sagrada Família,,2,02,Eixample
608,"C/ PAMPLONA, 116 (xamfrà)",41.3990872310746,2.18839414292221,4.4,"C/ PAMPLONA, 116 (xamfrà)",10-SantMartí/66-el Parc i la Llacuna del Poblenou,8018.0,10,10,Sant Martí
609,"C/ ÀVILA, 94",41.3984589,2.1937281,4.76,"C/ ÀVILA, 94",10-SantMartí/66-el Parc i la Llacuna del Poblenou,8018.0,10,10,Sant Martí
610,"C/ ÀVILA, 102",41.3990190831577,2.1928972716948,4.64,"C/ ÀVILA, 102",10-SantMartí/66-el Parc i la Llacuna del Poblenou,8018.0,10,10,Sant Martí
